time_minutes,hour,irradiance_Wm2,solar_output_W,wind_speed_ms,wind_direction_deg,wind_output_W,battery_SOC_pct,air_temp_C,ec_power_demand_W,solar_fraction_pct,wind_fraction_pct,battery_fraction_pct,energy_forecast_1h_Wh
175,2,0.0,0.0,3.1,271.9,3.04,93.1,34.2,112.6,1.08,5.54,93.38,1.72
1220,20,0.0,0.0,1.75,226.5,0.0,48.6,28.0,47.3,1.88,0.5,97.63,0.0
537,8,349.4,58.55,5.06,326.2,13.46,85.1,26.7,51.8,93.4,3.42,3.18,58.93
502,8,452.3,74.83,3.14,260.0,3.25,84.2,28.7,142.6,62.17,1.7,36.13,49.87
211,3,0.0,0.0,1.12,57.7,0.0,51.1,32.1,117.1,1.4,0.0,100.0,0.0
919,15,380.8,54.23,4.97,95.2,15.08,66.2,29.6,21.5,100.0,0.0,0.4,46.66
1372,22,0.0,0.0,1.97,171.5,0.0,75.7,24.9,65.2,0.0,0.0,100.0,0.0
1209,20,0.0,0.0,3.22,111.4,3.98,46.4,33.8,31.2,0.0,14.35,85.69,3.36
1422,23,0.0,0.0,3.73,142.6,5.37,50.3,29.3,46.8,0.0,15.15,86.75,3.65
535,8,560.8,83.86,4.09,170.8,6.56,77.5,24.0,116.2,73.32,2.7,23.98,71.34
345,5,0.0,0.0,3.93,282.2,5.94,74.7,31.7,58.0,0.0,14.82,86.67,3.53
366,6,0.0,0.0,4.67,195.8,12.36,78.8,22.3,148.8,1.47,22.82,75.71,6.49
554,9,618.6,87.82,4.25,301.6,9.09,50.8,26.6,20.7,98.33,0.97,0.7,60.93
730,12,946.7,100.0,1.6,218.9,0.0,39.0,27.3,147.6,83.05,1.77,15.18,79.29
904,15,748.9,100.0,3.16,2.7,3.15,53.0,22.2,13.3,100.0,0.0,0.0,76.48
1191,19,0.0,0.0,2.89,355.6,2.96,98.2,26.0,101.7,0.65,6.4,92.95,2.08
1092,18,0.0,0.0,1.32,52.9,0.0,65.1,33.8,126.1,1.16,0.04,98.8,0.0
391,6,0.0,0.0,2.64,142.4,2.11,75.1,29.8,125.2,0.12,4.66,95.23,1.21
940,15,858.9,100.0,4.29,7.0,9.72,43.0,25.1,27.0,99.31,0.57,0.12,80.45
1099,18,0.0,0.0,2.68,189.0,2.05,83.8,23.2,148.2,1.83,4.54,93.63,1.66
823,13,1120.9,100.0,2.47,244.0,1.6,92.7,31.4,52.0,99.37,0.79,0.0,63.85
250,4,0.0,0.0,2.81,103.6,2.21,89.8,27.2,93.0,1.27,7.07,91.66,1.14
1030,17,164.5,26.16,3.19,334.2,3.48,48.9,23.8,142.1,49.24,6.89,43.87,24.02
1068,17,143.9,19.59,4.21,54.0,9.21,37.5,34.4,85.0,42.45,17.84,39.71,17.62
1349,22,0.0,0.0,4.85,341.5,13.32,68.1,24.1,61.9,0.25,30.22,69.53,9.18
1176,19,0.0,0.0,2.04,283.0,0.89,66.2,32.7,69.2,0.42,4.28,95.31,0.55
183,3,0.0,0.0,1.94,54.8,0.0,33.8,30.5,143.0,0.3,2.1,97.6,0.0
949,15,663.8,100.0,2.16,37.1,1.18,21.2,22.5,55.7,98.35,0.56,1.09,75.67
1136,18,0.0,0.0,4.95,23.8,15.14,92.4,26.4,91.8,0.0,26.04,74.12,10.69
763,12,757.5,100.0,5.32,208.1,16.47,85.6,32.5,39.4,98.37,2.86,0.0,80.39
1213,20,0.0,0.0,2.26,90.3,1.11,54.5,30.0,58.4,0.88,3.78,95.34,0.81
290,4,0.0,0.0,4.69,349.6,13.16,26.6,23.5,18.6,0.0,71.89,28.73,10.38
312,5,0.0,0.0,3.1,41.5,3.76,62.6,24.8,152.0,0.35,12.65,86.99,2.04
201,3,0.0,0.0,6.23,290.8,28.31,55.1,28.1,36.4,0.0,80.34,21.64,15.2
550,9,656.4,95.65,3.22,135.2,3.22,72.8,22.8,32.9,95.84,1.66,2.5,69.42
772,12,1152.6,100.0,5.36,5.2,17.08,42.1,25.9,13.6,100.0,0.0,0.0,84.55
494,8,566.0,79.08,3.15,265.0,3.29,47.9,30.1,32.3,98.63,0.0,2.06,59.97
1161,19,0.0,0.0,2.29,211.5,1.19,71.8,22.5,134.0,0.54,3.61,95.84,0.74
1219,20,0.0,0.0,4.81,82.7,12.21,78.6,31.8,89.1,0.96,23.23,75.8,6.8
1096,18,0.0,0.0,2.25,128.0,1.28,37.7,28.9,18.4,0.0,6.08,95.93,0.99
944,15,850.5,100.0,4.36,54.0,9.38,51.7,32.6,98.9,97.4,2.34,0.26,91.47
257,4,0.0,0.0,3.04,48.5,2.97,81.8,31.5,126.2,0.0,6.52,95.03,2.25
400,6,0.0,0.0,2.19,205.0,1.09,69.4,28.1,38.5,0.0,4.01,96.55,0.91
1398,23,0.0,0.0,2.81,194.2,2.75,32.0,22.4,110.4,0.0,13.49,87.23,2.19
1373,22,0.0,0.0,5.38,73.2,15.49,47.1,24.9,47.5,2.23,38.47,59.3,11.7
940,15,472.2,82.44,2.08,107.1,1.02,74.8,25.0,68.5,97.84,0.0,2.96,59.91
604,10,926.9,100.0,1.05,358.5,0.0,23.6,30.2,149.3,85.95,0.24,13.81,61.99
764,12,1213.9,100.0,5.36,127.1,15.62,94.5,29.1,149.4,65.73,10.31,23.96,76.71
279,4,0.0,0.0,1.24,175.5,0.0,80.2,24.7,156.2,0.0,0.34,100.0,0.0
745,12,1039.0,100.0,1.79,57.4,0.0,46.4,22.7,53.6,99.85,0.05,0.1,71.77
803,13,506.4,86.84,2.83,8.9,2.58,26.9,31.3,124.0,84.55,3.82,11.63,62.88
1341,22,0.0,0.0,4.31,220.4,8.06,86.3,33.4,120.6,0.0,17.48,83.77,5.08
1415,23,0.0,0.0,6.82,86.8,30.36,27.6,32.9,144.3,0.0,67.96,32.72,19.91
1175,19,0.0,0.0,1.59,267.5,0.0,68.0,31.4,113.3,0.0,0.25,99.79,0.0
92,1,0.0,0.0,1.8,83.3,0.0,83.8,24.3,143.4,0.0,0.71,99.73,0.0
759,12,971.4,100.0,8.25,132.8,61.69,24.4,23.5,149.8,64.28,33.22,2.5,132.75
1248,20,0.0,0.0,3.18,233.1,3.93,87.6,31.5,40.7,2.35,10.07,87.57,2.69
356,5,0.0,0.0,4.92,248.9,14.84,21.0,29.6,35.7,0.24,59.37,40.39,8.87
931,15,765.3,100.0,2.36,123.8,1.52,97.7,25.3,63.1,100.0,0.0,0.0,69.27
481,8,409.7,58.39,2.05,261.7,1.0,60.3,28.6,132.7,63.69,1.24,35.07,42.02
579,9,837.1,100.0,5.05,202.5,12.9,68.3,34.2,114.2,88.07,12.4,0.0,69.42
1243,20,0.0,0.0,1.68,293.4,0.0,88.8,23.5,102.2,1.18,0.0,100.0,0.0
481,8,605.4,96.26,1.94,272.7,0.0,98.9,29.8,60.0,100.0,0.0,0.0,69.69
1043,17,200.6,29.77,2.37,295.8,1.65,33.3,34.0,53.1,64.14,2.76,33.1,23.02
923,15,737.5,100.0,2.24,95.2,1.22,25.6,26.4,101.2,99.6,1.32,0.0,83.34
787,13,558.2,83.6,1.49,29.3,0.0,90.5,34.9,113.9,72.72,0.0,28.21,65.74
33,0,0.0,0.0,2.05,1.0,1.04,40.3,25.2,151.5,0.0,4.48,97.3,0.62
1147,19,0.0,0.0,1.53,118.9,0.0,59.8,25.3,20.8,0.0,0.0,100.0,0.0
1310,21,0.0,0.0,3.05,149.0,3.63,84.0,22.6,102.7,0.6,8.93,90.47,2.32
741,12,438.2,71.48,3.81,95.5,6.29,85.3,25.4,101.2,71.04,3.36,25.6,48.47
989,16,483.7,75.17,2.98,57.6,2.78,63.6,28.4,113.6,67.56,2.48,29.97,56.44
1439,23,0.0,0.0,0.95,153.8,0.0,99.4,28.1,79.3,1.0,0.0,99.96,0.0
1154,19,0.0,0.0,3.31,110.0,4.28,95.5,33.9,108.4,0.8,8.2,91.0,3.35
1107,18,0.0,0.0,3.91,11.5,5.74,37.8,25.7,117.2,0.73,23.21,76.05,3.7
402,6,0.0,0.0,1.54,301.3,0.0,91.5,23.5,24.1,0.03,0.0,100.0,0.0
21,0,0.0,0.0,2.85,187.1,2.81,64.0,28.1,120.7,0.0,9.91,91.03,1.61
203,3,0.0,0.0,6.58,63.0,33.63,34.4,28.7,15.5,0.0,100.0,0.0,23.79
47,0,0.0,0.0,4.64,118.8,11.16,52.1,22.3,138.8,0.0,31.24,70.97,6.84
784,13,625.4,100.0,2.73,207.4,2.61,47.7,31.0,53.3,97.13,1.15,1.72,71.97
524,8,490.1,77.29,1.92,34.9,0.0,89.0,33.9,67.4,97.81,1.33,0.86,65.51
349,5,0.0,0.0,1.46,187.0,0.0,91.2,26.5,50.1,0.0,0.83,99.18,0.0
107,1,0.0,0.0,0.76,265.2,0.0,39.2,29.3,47.2,0.0,2.32,99.11,0.0
393,6,0.0,0.0,1.81,59.1,0.0,49.2,33.8,21.1,1.29,0.0,100.0,0.0
844,14,954.7,100.0,2.87,183.2,2.42,22.2,32.0,94.8,98.78,0.0,1.34,84.78
622,10,895.9,100.0,2.91,322.7,2.43,22.4,29.4,86.8,100.0,0.0,0.0,61.52
654,10,445.3,69.1,1.52,253.3,0.0,44.5,23.5,52.2,98.63,1.32,0.05,51.21
636,10,385.6,65.36,2.72,161.0,2.05,29.6,24.7,158.9,78.5,2.91,18.59,40.73
276,4,0.0,0.0,2.67,9.1,2.01,89.5,26.8,18.1,0.0,13.21,86.91,1.64
309,5,0.0,0.0,4.51,335.2,11.74,99.2,29.9,80.4,0.0,20.0,81.83,8.94
827,13,712.6,100.0,5.58,353.4,17.54,45.4,24.8,61.5,100.0,0.0,0.0,97.46
35,0,0.0,0.0,6.22,282.2,26.57,24.6,23.0,51.0,0.62,68.84,30.54,21.98
260,4,0.0,0.0,2.86,82.5,2.39,37.9,34.6,97.8,0.37,10.27,89.36,1.3
456,7,340.1,52.82,4.83,209.8,12.4,74.4,32.5,79.8,68.19,12.81,19.0,43.09
1007,16,584.5,90.82,3.44,289.4,3.95,47.5,30.6,35.5,99.15,0.0,0.87,59.64
1239,20,0.0,0.0,1.15,191.3,0.0,71.5,31.4,76.8,0.06,0.0,100.0,0.0
973,16,575.9,84.31,0.96,349.2,0.0,48.2,33.1,134.7,77.62,0.0,22.99,59.4
434,7,212.2,30.04,3.37,214.7,4.37,48.5,33.5,107.9,51.8,5.88,42.32,23.9
39,0,0.0,0.0,3.74,2.1,5.04,39.6,23.9,19.4,0.0,26.58,73.51,3.18
1155,19,0.0,0.0,3.59,107.0,5.22,88.3,25.2,157.9,1.83,9.01,89.16,2.83
1437,23,0.0,0.0,2.85,358.5,2.27,46.1,34.6,32.0,0.55,9.38,90.07,1.17
460,7,159.2,25.46,3.32,353.1,4.57,25.3,27.6,73.4,61.29,10.71,28.0,20.73
847,14,657.0,100.0,3.65,332.2,5.36,74.3,23.8,71.7,100.0,0.0,0.0,85.46
566,9,849.5,100.0,3.86,74.0,6.99,73.0,30.9,131.2,77.1,3.11,19.79,70.89
678,11,761.8,100.0,1.38,91.5,0.0,43.5,28.2,123.9,80.65,0.49,18.86,78.03
373,6,0.0,0.0,2.81,217.9,2.37,90.5,25.6,92.4,0.0,6.23,94.09,1.97
710,11,917.6,100.0,2.22,12.5,1.35,23.4,26.5,154.9,90.55,1.03,8.42,73.8
44,0,0.0,0.0,2.85,320.8,2.63,98.3,31.3,54.1,1.86,4.2,93.95,1.51
987,16,318.3,55.61,2.47,176.3,1.87,62.3,25.7,91.2,63.23,3.01,33.77,47.43
647,10,345.6,59.78,0.96,263.2,0.0,25.4,33.7,66.0,87.97,1.14,10.9,39.89
495,8,462.3,76.15,4.37,220.9,8.44,46.7,24.1,38.1,100.0,0.0,0.0,65.13
197,3,0.0,0.0,3.01,129.9,3.21,74.1,32.3,113.2,0.17,11.39,88.44,2.11
100,1,0.0,0.0,5.04,325.1,14.05,92.2,25.1,159.3,2.3,24.26,73.45,7.87
1204,20,0.0,0.0,0.74,88.0,0.0,64.7,34.5,16.0,0.0,2.24,100.0,0.0
1001,16,652.6,100.0,1.11,184.4,0.0,88.3,22.3,137.6,72.82,0.64,26.53,76.0
169,2,0.0,0.0,1.28,151.5,0.0,69.8,24.5,92.9,0.0,0.61,100.0,0.0
29,0,0.0,0.0,5.0,258.6,14.31,41.6,22.4,146.0,0.6,39.66,59.75,8.64
282,4,0.0,0.0,2.94,254.6,2.75,21.3,32.7,32.7,0.0,20.33,79.94,2.2
190,3,0.0,0.0,4.12,162.4,7.13,67.3,26.4,83.0,0.14,17.82,82.04,4.94
726,12,983.1,100.0,0.99,119.0,0.0,59.2,27.5,157.3,77.59,1.02,21.39,64.08
1036,17,118.2,21.03,4.1,75.1,6.96,57.2,25.2,96.5,38.79,11.96,49.26,18.31
646,10,756.2,100.0,0.99,16.9,0.0,25.2,26.3,10.9,100.0,0.0,0.79,60.1
443,7,284.2,39.08,5.44,158.4,19.25,68.8,33.9,144.7,41.27,22.34,36.39,44.1
106,1,0.0,0.0,2.97,1.0,2.65,93.3,31.2,59.4,0.0,5.47,95.48,1.73
497,8,221.8,38.55,6.26,127.1,29.35,73.9,26.8,149.9,36.15,30.09,33.76,39.17
1373,22,0.0,0.0,3.51,348.7,5.17,28.0,22.4,74.6,1.94,25.94,72.12,3.26
486,8,272.1,43.26,3.36,234.9,4.49,59.2,23.3,101.7,55.32,5.0,39.68,35.57
1258,20,0.0,0.0,1.49,149.0,0.0,83.8,26.8,50.7,0.0,0.0,100.0,0.0
529,8,570.1,94.55,3.5,340.0,5.46,88.3,25.7,106.4,91.74,1.51,6.75,70.53
1029,17,212.3,34.14,4.14,358.3,7.89,44.2,30.5,104.2,53.7,13.75,32.55,27.71
847,14,771.5,100.0,3.4,279.6,4.17,57.9,29.8,46.2,100.0,0.85,0.0,62.43
49,0,0.0,0.0,3.78,109.5,5.39,72.4,24.1,32.1,0.0,17.94,82.35,3.43
1356,22,0.0,0.0,5.14,318.9,14.49,40.4,28.4,55.3,0.0,43.58,58.12,9.89
1000,16,453.7,61.08,3.82,284.7,6.58,24.4,32.2,100.8,74.42,10.8,14.78,53.71
988,16,542.6,75.25,3.55,233.8,5.55,87.1,22.7,85.0,85.45,7.94,6.61,54.47
182,3,0.0,0.0,3.03,168.8,2.8,42.8,26.5,150.3,0.0,9.32,91.98,1.56
421,7,206.4,36.41,2.73,97.0,2.3,57.4,25.5,141.0,54.0,0.81,45.19,29.83
599,9,700.8,100.0,3.91,107.2,6.03,66.7,32.7,52.4,99.91,0.39,0.0,87.93
1284,21,0.0,0.0,4.64,186.5,12.56,21.0,28.2,28.5,0.0,54.4,46.12,9.37
475,7,166.9,29.78,4.0,181.7,8.09,98.3,31.6,63.5,46.76,12.21,41.03,26.63
588,9,536.7,72.47,1.14,162.9,0.0,35.9,31.4,128.1,79.92,0.0,20.32,45.81
233,3,0.0,0.0,1.9,286.4,0.0,79.3,32.9,79.1,0.0,0.0,100.0,0.0
331,5,0.0,0.0,3.41,89.8,4.94,88.8,25.5,95.6,0.0,11.75,88.35,3.58
774,12,961.1,100.0,3.2,44.4,3.63,29.9,31.9,142.1,84.83,4.0,11.16,82.29
225,3,0.0,0.0,5.53,61.7,18.24,73.9,31.7,70.4,0.0,34.21,68.96,11.02
469,7,167.9,22.92,7.08,223.2,45.89,53.8,22.3,23.2,99.2,1.36,0.0,37.88
85,1,0.0,0.0,5.26,11.5,18.45,43.5,28.2,54.5,0.82,47.63,51.55,14.69
476,7,130.6,18.09,3.38,112.2,4.0,49.5,30.7,80.0,37.57,10.33,52.1,15.23
247,4,0.0,0.0,3.95,61.4,6.42,69.3,30.0,40.8,0.66,14.75,84.6,4.32
1207,20,0.0,0.0,4.81,9.7,14.15,79.9,33.8,64.3,0.0,26.77,74.04,9.89
1100,18,0.0,0.0,1.39,339.6,0.0,95.0,25.2,143.2,0.0,0.0,100.0,0.0
932,15,419.5,72.29,2.14,131.0,1.09,44.0,30.7,157.4,74.14,0.89,24.97,47.21
85,1,0.0,0.0,0.56,324.4,0.0,69.2,30.1,121.1,0.0,0.0,100.0,0.0
1254,20,0.0,0.0,3.46,173.4,5.07,61.6,28.6,114.8,0.0,12.51,88.94,2.79
911,15,840.0,100.0,5.55,349.2,17.13,34.3,31.5,61.6,100.0,0.0,0.0,82.81
1339,22,0.0,0.0,0.24,50.1,0.0,50.0,26.4,117.8,0.0,0.0,100.0,0.0
850,14,735.1,100.0,1.29,133.6,0.0,28.7,30.7,133.9,85.28,0.82,13.9,73.21
575,9,808.8,100.0,1.65,89.5,0.0,62.5,28.1,26.7,100.0,0.0,0.0,64.32
400,6,0.0,0.0,4.3,269.6,7.99,32.0,26.6,68.5,0.64,33.57,65.79,5.42
1059,17,330.0,50.93,2.38,87.5,1.44,43.1,25.0,86.5,70.17,0.0,31.02,42.08
288,4,0.0,0.0,1.64,201.5,0.0,69.3,29.3,140.2,0.39,0.0,100.0,0.0
629,10,608.3,91.16,2.39,68.0,1.74,26.5,33.5,51.7,100.0,0.0,0.49,69.27
727,12,1115.4,100.0,1.9,24.0,0.0,23.9,24.5,22.3,98.84,1.11,0.06,62.41
991,16,316.5,45.56,1.88,320.3,0.0,80.2,33.4,141.8,54.0,0.0,46.0,31.17
161,2,0.0,0.0,3.2,277.8,3.73,90.2,23.1,109.6,0.0,6.17,94.8,2.86
45,0,0.0,0.0,3.69,285.8,5.94,51.3,34.9,14.0,0.69,42.73,56.57,3.34
475,7,263.3,44.3,1.87,359.0,0.0,62.8,28.1,74.7,59.23,0.35,40.41,37.29
398,6,0.0,0.0,3.13,306.3,3.49,41.2,27.5,71.3,0.0,16.28,85.84,2.53
45,0,0.0,0.0,0.61,25.1,0.0,73.7,33.1,34.8,0.0,0.41,100.0,0.0
873,14,531.4,88.93,6.63,101.8,29.52,28.2,23.5,138.3,68.51,22.68,8.81,79.94
1066,17,233.0,35.57,1.15,148.8,0.0,41.1,22.9,36.0,95.89,0.0,4.49,30.08
864,14,453.6,63.11,3.17,341.6,3.18,44.0,32.9,16.5,96.87,2.24,0.9,54.09
290,4,0.0,0.0,8.45,7.5,77.75,41.2,24.8,77.3,0.0,100.0,0.0,64.6
1119,18,0.0,0.0,2.18,265.9,1.34,92.4,26.7,56.4,0.85,2.15,96.99,0.86
183,3,0.0,0.0,2.04,23.7,0.99,93.1,32.9,157.2,0.0,2.61,97.75,0.77
230,3,0.0,0.0,4.05,62.1,8.2,65.8,30.2,151.2,0.0,22.29,80.18,5.72
914,15,670.8,100.0,2.77,88.5,2.45,26.1,31.7,66.7,100.0,0.0,0.0,80.08
265,4,0.0,0.0,1.95,160.1,0.0,44.8,34.8,23.3,0.67,1.44,97.88,0.0
269,4,0.0,0.0,3.23,325.5,4.1,91.0,24.8,44.6,2.47,10.6,86.93,2.16
1365,22,0.0,0.0,4.64,308.9,11.3,65.0,28.0,117.6,0.0,26.24,74.67,9.58
1,0,0.0,0.0,3.68,113.9,5.56,94.4,22.2,156.8,1.01,7.83,91.16,3.29
1311,21,0.0,0.0,1.83,354.5,0.0,45.6,33.6,29.1,0.0,0.0,100.0,0.0
910,15,566.6,92.56,3.67,22.0,4.99,71.6,33.6,41.5,100.0,0.0,0.0,59.3
208,3,0.0,0.0,5.71,21.2,20.41,34.2,31.8,154.5,0.12,56.46,43.42,16.28
560,9,637.5,100.0,1.64,173.2,0.0,90.3,24.8,56.2,100.0,0.0,0.0,65.57
1006,16,284.3,44.27,3.59,122.5,5.08,97.4,31.0,145.2,43.51,4.84,51.65,40.93
1185,19,0.0,0.0,2.91,313.1,3.13,71.2,28.6,116.2,0.0,9.37,92.32,2.55
979,16,471.8,67.31,3.65,9.1,5.49,64.5,28.1,43.7,100.0,0.0,0.29,54.98
255,4,0.0,0.0,1.35,318.1,0.0,94.2,27.7,26.1,2.47,0.0,97.98,0.0
1362,22,0.0,0.0,1.8,101.7,0.0,38.9,22.2,142.9,0.0,0.0,100.0,0.0
576,9,747.1,100.0,2.29,284.5,1.16,90.2,24.1,113.1,90.37,0.0,10.79,78.35
461,7,153.4,22.84,4.73,5.9,10.92,26.0,22.6,159.4,49.33,23.56,27.12,26.53
1290,21,0.0,0.0,2.44,329.4,1.78,50.3,31.5,27.2,1.15,6.09,92.76,1.39
539,8,557.5,77.84,2.25,297.7,1.17,75.6,33.8,63.1,97.96,1.08,0.96,63.3
156,2,0.0,0.0,4.07,210.0,6.79,81.8,23.9,106.2,0.6,13.1,86.3,5.41
1032,17,156.3,21.75,1.35,299.6,0.0,50.2,32.6,52.4,45.82,0.0,56.21,13.77
612,10,1092.8,100.0,2.17,288.6,1.18,83.7,24.5,135.1,73.76,0.13,26.11,77.37
428,7,209.9,27.82,3.13,307.8,3.1,69.1,23.5,132.7,41.92,3.61,54.48,23.73
822,13,658.1,100.0,2.28,246.1,1.34,59.2,26.0,116.7,86.41,2.04,11.54,77.28
1322,22,0.0,0.0,3.34,349.2,3.86,45.5,32.4,14.6,0.85,26.08,73.07,2.53
1372,22,0.0,0.0,3.36,207.9,4.11,70.0,23.1,146.6,1.3,8.41,90.29,2.36
519,8,322.9,47.59,1.37,251.2,0.0,99.3,24.3,75.9,61.26,0.88,37.86,29.96
753,12,1007.3,100.0,1.32,171.2,0.0,79.9,32.7,115.2,85.1,0.0,15.03,60.0
143,2,0.0,0.0,4.33,355.6,8.85,26.5,23.1,72.5,0.0,39.88,61.51,6.4
1234,20,0.0,0.0,2.57,8.1,1.71,32.4,33.1,90.0,0.0,10.36,90.23,1.2
1255,20,0.0,0.0,1.41,265.5,0.0,96.7,33.6,63.0,2.18,1.51,96.31,0.0
1004,16,417.8,57.27,0.99,87.3,0.0,42.5,29.9,85.2,72.35,0.0,29.04,38.09
1068,17,198.5,31.02,2.58,242.4,2.12,97.5,26.1,45.7,64.76,5.48,29.76,25.72
521,8,399.3,58.09,4.76,63.5,11.22,37.3,30.0,59.5,97.96,2.54,0.0,47.24
440,7,159.9,21.31,1.68,123.2,0.0,37.4,31.3,83.1,52.93,0.08,47.0,14.39
994,16,553.6,75.51,8.06,247.2,52.45,97.8,23.9,41.6,100.0,0.0,0.0,90.32
176,2,0.0,0.0,0.51,147.2,0.0,73.9,23.0,144.7,0.0,0.0,100.0,0.0
639,10,373.9,60.98,3.32,239.2,4.45,91.9,27.3,28.4,98.53,0.29,1.17,44.65
917,15,737.4,100.0,3.84,232.6,6.77,95.8,29.4,57.2,98.48,0.03,1.49,84.63
144,2,0.0,0.0,3.05,41.1,3.22,25.4,34.4,58.6,0.0,21.82,81.38,2.47
11,0,0.0,0.0,1.92,249.8,0.0,35.9,33.0,36.7,1.36,2.09,96.55,0.0
1184,19,0.0,0.0,2.16,100.3,1.06,31.2,30.8,152.6,0.0,5.08,96.12,0.74
808,13,900.6,100.0,3.14,152.9,3.97,43.7,33.1,52.3,96.23,2.82,0.95,80.82
69,1,0.0,0.0,5.26,184.8,15.89,34.6,26.9,36.9,0.0,48.15,52.68,8.66
1387,23,0.0,0.0,2.58,136.6,2.1,40.5,33.7,36.0,0.42,7.64,91.95,1.2
49,0,0.0,0.0,2.28,95.0,1.48,46.9,32.1,130.7,0.16,5.71,94.14,0.81
366,6,0.0,0.0,2.5,58.4,1.77,32.1,26.2,60.7,0.64,9.93,89.43,1.42
490,8,540.6,73.1,9.46,225.6,81.04,47.1,30.0,71.4,98.36,1.72,0.0,110.52
436,7,214.2,37.92,1.95,271.9,0.0,83.3,27.1,113.0,48.92,0.0,52.58,24.35
647,10,646.2,97.17,1.52,68.8,0.0,75.7,26.5,148.3,70.39,2.55,27.07,66.56
92,1,0.0,0.0,5.23,217.2,14.78,26.2,34.3,21.4,0.0,70.6,31.05,8.25
690,11,856.8,100.0,1.28,47.3,0.0,42.3,31.8,39.5,98.85,0.0,1.7,77.9
846,14,503.9,73.97,4.73,231.9,10.34,50.0,29.3,36.8,100.0,0.0,0.0,58.82
559,9,552.0,72.07,3.47,107.4,5.02,95.1,33.8,122.5,59.55,2.37,38.08,60.77
958,15,905.0,100.0,6.23,129.1,30.68,58.0,34.0,105.4,94.44,3.46,2.09,98.89
461,7,294.1,42.2,2.16,241.6,1.3,61.5,23.4,131.9,57.72,0.85,41.43,26.12
1235,20,0.0,0.0,4.87,167.0,11.18,37.4,23.3,10.3,1.58,95.87,2.55,9.37
1129,18,0.0,0.0,1.06,161.8,0.0,23.5,34.5,34.2,2.22,0.0,98.68,0.0
1101,18,0.0,0.0,4.32,109.2,9.75,57.0,24.4,81.0,1.61,23.89,74.5,6.52
1091,18,0.0,0.0,2.2,292.7,1.33,53.7,26.3,106.3,1.26,0.87,97.87,0.88
1057,17,316.5,45.59,2.75,109.3,2.4,88.8,29.1,116.6,51.58,2.17,46.26,40.11
331,5,0.0,0.0,4.42,233.4,8.92,76.9,25.4,100.8,0.86,20.77,78.37,5.75
1092,18,0.0,0.0,3.51,21.4,5.11,58.0,34.8,66.4,0.0,16.69,83.8,3.22
230,3,0.0,0.0,2.74,327.8,2.48,22.7,28.2,13.9,0.0,19.27,81.18,1.37
607,10,892.0,100.0,2.06,347.9,0.92,89.6,30.1,50.6,100.0,0.0,0.53,76.04
763,12,741.2,97.77,4.15,66.0,8.13,37.8,33.5,26.4,95.32,0.72,3.96,71.05
1009,16,240.5,38.11,2.77,158.9,2.62,57.0,27.4,149.2,54.66,2.97,42.37,31.32
78,1,0.0,0.0,1.85,38.8,0.0,62.6,32.3,153.5,0.0,0.0,100.0,0.0
427,7,279.7,39.39,2.47,149.0,1.63,64.0,34.8,98.1,52.82,2.41,44.77,27.29
1424,23,0.0,0.0,4.41,312.5,10.27,68.5,32.0,148.5,0.0,25.43,75.79,6.36
1393,23,0.0,0.0,0.86,213.7,0.0,89.4,29.5,97.2,3.12,0.0,97.6,0.0
1434,23,0.0,0.0,2.18,49.5,1.3,37.7,32.0,79.5,0.73,5.42,93.85,0.94
380,6,0.0,0.0,3.99,349.0,6.24,97.7,22.4,124.8,0.0,11.68,91.33,4.69
1003,16,595.4,82.13,3.41,200.7,4.21,54.9,34.3,58.1,100.0,0.0,0.0,54.17
520,8,531.7,73.06,2.66,26.8,1.97,88.5,30.5,152.7,60.32,2.94,36.74,58.69
865,14,506.2,67.21,1.44,131.6,0.0,76.9,22.8,86.5,73.41,1.44,25.15,47.65
406,6,0.0,0.0,0.77,52.5,0.0,73.7,27.8,134.4,0.01,1.76,98.24,0.0
184,3,0.0,0.0,2.51,317.9,1.59,35.4,29.8,119.6,1.27,9.27,89.46,1.29
181,3,0.0,0.0,3.78,141.0,6.55,89.4,25.2,114.3,0.0,12.03,88.03,4.71
260,4,0.0,0.0,1.95,179.9,0.0,27.7,23.8,98.3,0.41,0.0,99.95,0.0
44,0,0.0,0.0,5.33,302.5,15.8,45.1,30.8,47.0,0.0,39.35,60.84,10.97
1335,22,0.0,0.0,3.44,204.4,4.1,28.8,34.5,65.0,3.23,21.66,75.11,2.19
1300,21,0.0,0.0,2.73,17.5,2.18,42.8,28.2,74.8,0.0,12.1,87.95,1.18
811,13,690.7,100.0,4.15,26.8,8.79,87.8,31.3,76.7,100.0,0.0,1.28,78.56
433,7,316.5,56.81,2.09,62.5,1.06,88.2,25.2,53.3,98.41,0.98,0.61,39.71
274,4,0.0,0.0,5.24,242.9,17.81,86.1,32.9,93.4,0.02,30.73,69.25,9.93
184,3,0.0,0.0,2.37,222.2,1.63,33.0,34.9,89.8,0.0,7.65,93.02,0.9
661,11,1078.0,100.0,0.25,128.8,0.0,61.6,30.5,46.9,97.0,3.07,0.0,83.32
121,2,0.0,0.0,6.86,112.7,31.25,72.3,27.8,38.4,0.64,80.66,18.7,23.5
1430,23,0.0,0.0,2.9,28.9,2.91,95.6,23.7,149.7,0.0,5.72,96.0,2.39
18,0,0.0,0.0,5.35,25.1,15.71,56.1,33.9,96.8,0.11,36.23,63.66,8.57
965,16,327.3,48.88,1.19,228.6,0.0,68.0,26.5,12.9,96.64,1.36,2.01,31.62
247,4,0.0,0.0,1.65,286.2,0.0,48.6,33.2,81.5,0.0,1.21,99.82,0.0
5,0,0.0,0.0,2.85,180.8,2.8,86.8,22.4,77.9,0.0,5.75,95.64,1.96
1181,19,0.0,0.0,5.26,248.0,14.13,90.5,27.2,83.0,0.0,22.83,77.52,10.01
1424,23,0.0,0.0,1.09,161.1,0.0,95.6,32.4,44.6,0.0,0.0,100.0,0.0
938,15,724.9,100.0,3.08,19.6,2.97,94.7,23.9,151.7,66.62,1.25,32.14,63.53
1270,21,0.0,0.0,4.17,0.8,8.82,26.5,22.8,34.1,0.0,40.55,59.94,7.01
942,15,859.0,100.0,2.46,288.5,1.59,78.7,25.9,143.3,71.61,0.0,28.43,61.26
1092,18,0.0,0.0,2.69,312.2,1.9,56.5,31.3,35.4,1.84,6.95,91.21,1.33
238,3,0.0,0.0,5.77,354.1,24.45,93.5,27.3,15.2,0.89,98.18,0.93,13.5
102,1,0.0,0.0,3.07,110.7,3.0,53.6,29.9,25.6,0.0,11.97,88.58,2.46
908,15,334.8,53.54,3.79,264.1,5.97,27.9,31.1,155.0,73.25,7.29,19.46,45.78
822,13,852.1,100.0,3.7,266.5,5.15,64.0,23.1,65.4,99.43,0.0,1.4,85.56
1112,18,0.0,0.0,5.28,239.6,15.11,26.6,24.1,87.9,0.14,51.85,48.01,8.27
91,1,0.0,0.0,2.26,295.4,1.29,42.9,27.0,86.0,0.0,3.25,99.11,0.76
1019,16,329.2,51.91,3.12,344.0,2.94,98.8,24.7,131.3,47.91,4.74,47.35,40.25
439,7,198.1,30.04,1.72,72.6,0.0,99.1,31.1,43.3,71.21,0.0,30.39,20.77
1040,17,131.2,22.31,2.23,262.2,1.28,76.5,25.9,73.4,36.5,1.16,62.33,17.52
494,8,430.3,58.8,4.6,148.8,10.5,57.9,30.2,146.2,60.57,9.71,29.72,57.3
1404,23,0.0,0.0,6.37,297.8,33.18,20.5,31.2,114.9,0.0,76.9,24.29,19.79
645,10,555.7,93.97,2.21,328.5,1.38,46.4,31.9,46.6,100.0,0.58,0.0,71.7
104,1,0.0,0.0,4.19,338.9,7.06,42.8,32.8,115.4,0.76,25.28,73.96,4.0
605,10,474.1,77.34,3.07,272.4,3.38,64.5,30.6,135.7,68.82,3.32,27.86,62.22
73,1,0.0,0.0,3.8,331.0,5.74,63.1,26.5,67.8,0.0,17.15,82.88,4.76
695,11,840.0,100.0,2.36,42.5,1.3,75.8,22.4,79.2,99.82,0.0,0.71,68.26
295,4,0.0,0.0,2.31,33.8,1.49,75.5,26.0,114.4,1.1,4.69,94.21,0.85
1230,20,0.0,0.0,1.68,150.1,0.0,68.9,31.2,57.4,0.92,1.17,97.91,0.0
966,16,608.1,90.92,2.92,259.3,2.61,72.1,34.7,57.0,99.16,0.23,0.61,65.18
1214,20,0.0,0.0,0.84,290.5,0.0,29.5,22.5,115.2,0.11,1.0,98.89,0.0
1410,23,0.0,0.0,4.91,301.3,11.97,24.5,24.5,134.7,0.0,49.27,51.53,9.12
549,9,444.3,61.52,1.85,47.4,0.0,45.1,23.6,93.2,71.32,1.87,26.81,38.86
342,5,0.0,0.0,3.51,246.3,4.62,72.2,23.7,61.1,0.53,12.32,87.15,3.37
1265,21,0.0,0.0,2.94,199.5,3.25,23.0,24.5,116.7,0.0,22.34,78.76,2.59
814,13,1150.6,100.0,2.29,60.2,1.39,73.6,28.5,53.2,100.0,0.0,0.0,73.21
1289,21,0.0,0.0,5.94,170.8,25.79,80.4,27.0,18.3,1.56,99.23,0.0,17.71
675,11,415.8,60.31,4.81,279.0,14.27,86.5,34.6,102.8,59.07,12.53,28.4,56.48
916,15,669.2,88.49,4.04,59.5,6.48,66.4,22.2,10.5,100.0,1.13,0.0,65.4
1222,20,0.0,0.0,1.24,322.2,0.0,60.2,32.9,107.1,3.36,1.32,95.32,0.0
896,14,536.2,71.29,2.76,59.1,2.3,49.6,29.4,70.1,96.77,3.65,0.0,52.41
212,3,0.0,0.0,3.59,29.4,5.19,85.0,25.2,91.5,0.51,10.77,88.72,3.16
545,9,921.4,100.0,1.11,130.8,0.0,88.3,32.5,53.2,98.63,1.94,0.0,59.66
267,4,0.0,0.0,3.82,280.2,6.49,63.0,34.4,107.0,0.0,17.83,82.18,4.22
303,5,0.0,0.0,4.56,279.0,11.78,83.7,22.1,137.0,0.0,20.22,81.54,6.14
1163,19,0.0,0.0,6.04,311.4,22.51,57.0,34.6,67.5,0.0,43.12,58.28,14.22
1060,17,140.6,18.38,2.92,64.7,2.91,84.5,22.8,90.5,29.56,3.86,66.59,15.99
456,7,133.3,21.89,0.6,78.5,0.0,84.2,23.7,158.4,34.85,1.74,63.4,15.18
711,11,536.0,77.51,1.69,74.1,0.0,92.0,27.0,91.0,83.23,2.18,14.59,63.73
821,13,1069.5,100.0,4.48,74.6,8.96,65.8,23.7,38.7,100.0,0.0,0.0,69.48
775,12,513.7,79.31,1.4,152.1,0.0,94.8,25.5,93.8,84.89,0.67,14.43,47.48
405,6,0.0,0.0,3.45,358.2,4.01,93.5,30.0,51.6,0.0,8.1,92.21,2.3
126,2,0.0,0.0,3.6,243.8,5.46,44.9,33.1,15.9,0.0,32.64,68.13,4.6
1299,21,0.0,0.0,2.68,122.4,2.24,34.8,25.1,47.3,0.0,13.16,88.14,1.64
1325,22,0.0,0.0,4.34,345.6,9.58,76.7,33.2,12.8,1.53,73.22,25.24,5.55
434,7,206.1,28.69,1.27,202.4,0.0,52.1,34.1,26.1,100.0,0.0,0.0,19.01
227,3,0.0,0.0,3.44,14.0,5.25,90.3,26.2,66.7,0.0,9.37,92.61,3.01
894,14,463.7,78.98,2.42,26.4,1.47,20.8,31.1,66.3,100.0,0.0,0.0,67.59
849,14,696.3,100.0,4.89,199.4,13.97,34.5,24.0,122.6,82.96,11.58,5.46,73.34
776,12,737.2,100.0,2.49,69.9,1.89,31.4,25.5,14.5,99.39,1.62,0.0,70.58
884,14,780.0,100.0,1.6,96.9,0.0,25.6,32.6,44.7,100.0,1.8,0.0,83.52
719,11,555.0,97.18,2.27,134.2,1.41,22.1,22.7,26.6,99.64,0.0,1.14,63.7
987,16,266.0,44.4,3.02,214.7,2.65,20.2,32.0,39.8,98.48,1.01,0.51,39.02
443,7,337.7,51.9,1.01,335.2,0.0,26.9,34.7,121.6,78.17,0.0,22.74,40.75
103,1,0.0,0.0,4.94,31.7,13.27,22.4,31.7,80.0,1.4,53.3,45.3,8.61
584,9,606.5,94.47,3.59,332.3,5.64,53.3,32.5,95.6,99.13,1.59,0.0,75.75
909,15,878.7,100.0,2.14,154.9,1.04,60.3,22.5,127.2,76.87,1.61,21.52,66.77
1176,19,0.0,0.0,3.39,111.9,4.94,43.8,23.1,30.2,0.0,18.23,84.4,4.0
1292,21,0.0,0.0,7.1,103.9,42.88,59.9,28.3,43.0,1.03,97.23,1.74,30.88
1250,20,0.0,0.0,3.36,128.4,4.59,27.4,29.3,86.0,0.9,25.26,73.84,3.28
195,3,0.0,0.0,2.53,151.3,2.06,98.3,31.7,53.7,0.34,4.14,95.51,1.38
1148,19,0.0,0.0,3.74,142.7,5.93,41.2,25.5,47.5,0.32,23.28,76.4,3.85
608,10,849.3,100.0,4.16,304.8,8.11,81.4,22.4,151.6,67.56,4.66,27.78,83.61
730,12,738.7,100.0,3.77,122.1,5.15,44.0,27.4,46.6,98.66,0.49,0.85,85.63
337,5,0.0,0.0,1.7,86.3,0.0,98.5,33.3,146.7,0.0,0.0,100.0,0.0
129,2,0.0,0.0,0.51,335.5,0.0,37.2,27.8,118.4,0.0,0.0,100.0,0.0
805,13,1001.4,100.0,2.16,280.3,1.17,22.3,23.2,58.3,100.0,0.0,0.44,77.78
950,15,776.3,100.0,2.64,10.2,2.24,46.4,30.2,12.3,100.0,0.0,0.0,80.06
496,8,431.5,75.81,4.67,200.0,11.24,24.6,30.0,38.3,100.0,0.0,0.0,64.22
969,16,300.0,45.09,1.06,225.6,0.0,99.9,28.3,97.6,47.75,0.0,53.23,26.92
859,14,1014.7,100.0,4.77,53.3,10.77,98.9,34.2,148.3,68.55,8.23,23.22,71.15
723,12,587.9,100.0,0.87,119.8,0.0,40.2,34.1,91.3,98.02,1.8,0.18,74.46
1202,20,0.0,0.0,2.15,65.1,1.2,24.3,22.3,124.6,0.0,8.24,92.02,0.67
852,14,465.6,72.92,2.52,30.7,1.6,85.1,33.0,81.7,88.35,3.47,8.18,59.86
1218,20,0.0,0.0,5.73,184.4,19.87,94.5,30.1,117.6,0.56,30.13,69.31,16.84
1135,18,0.0,0.0,6.04,26.5,22.36,95.8,31.2,18.8,0.0,100.0,0.0,12.02
136,2,0.0,0.0,0.71,165.9,0.0,89.5,25.3,101.8,1.88,0.0,100.0,0.0
1108,18,0.0,0.0,1.63,172.2,0.0,60.8,32.7,57.9,0.0,0.1,100.0,0.0
1337,22,0.0,0.0,2.7,214.9,2.16,34.1,34.8,136.0,0.9,12.96,86.14,1.72
1407,23,0.0,0.0,1.97,307.7,0.0,55.6,30.2,11.7,0.0,0.0,100.0,0.0
944,15,644.5,96.69,6.13,9.6,22.46,33.0,23.3,31.2,100.0,0.0,2.37,81.08
1184,19,0.0,0.0,3.41,64.2,3.82,78.1,30.5,142.4,0.24,10.3,89.46,1.99
254,4,0.0,0.0,2.2,240.4,1.31,72.1,33.7,36.5,3.18,5.07,91.75,1.09
890,14,676.8,100.0,3.35,154.0,4.66,56.5,32.8,107.3,93.12,4.11,2.77,67.5
749,12,1092.2,100.0,3.71,64.7,6.01,83.2,28.9,153.1,65.66,5.7,28.64,83.91
834,13,773.7,100.0,4.88,68.3,12.0,74.0,24.5,103.5,94.15,6.33,0.0,84.81
937,15,914.2,100.0,5.17,67.5,16.07,33.4,23.9,78.8,100.0,0.0,0.65,83.33
1052,17,230.2,31.59,2.59,331.5,1.71,51.4,29.6,73.7,53.36,2.33,44.3,20.61
79,1,0.0,0.0,4.17,137.1,8.23,75.6,23.3,138.7,1.44,16.57,81.99,6.67
1012,16,610.1,94.88,6.67,207.3,32.87,57.7,27.8,13.3,98.42,1.63,0.0,101.56
429,7,203.5,33.34,3.06,205.7,2.81,84.8,34.1,148.2,43.86,2.36,53.79,23.37
329,5,0.0,0.0,4.01,271.8,7.84,97.4,29.1,108.3,0.04,13.28,86.69,4.71
873,14,856.2,100.0,2.87,173.5,3.0,98.3,25.9,141.0,69.32,4.02,26.65,61.59
1065,17,307.2,49.03,2.43,139.0,1.44,60.2,24.5,115.2,59.49,3.3,37.21,41.44
292,4,0.0,0.0,1.67,256.9,0.0,52.9,31.5,78.0,0.7,1.59,97.72,0.0
424,7,311.5,43.84,1.08,117.0,0.0,65.2,23.0,118.9,58.55,0.0,42.81,32.64
780,13,894.6,100.0,2.19,35.3,1.27,73.4,23.7,130.9,76.77,1.64,21.6,70.47
1378,22,0.0,0.0,2.32,359.1,1.54,98.7,29.8,10.8,0.3,13.63,86.06,0.85
676,11,681.7,97.12,3.22,335.9,3.76,71.5,22.2,62.2,99.64,1.42,0.0,61.36
709,11,1258.8,100.0,3.69,164.4,6.18,83.3,23.7,134.1,74.02,5.49,20.49,79.34
59,0,0.0,0.0,3.9,260.2,7.55,97.8,33.8,123.1,0.0,14.1,86.96,4.87
1359,22,0.0,0.0,4.24,294.2,8.7,70.2,30.4,105.7,0.55,19.61,79.85,6.04
1155,19,0.0,0.0,3.23,137.1,3.89,86.8,23.3,144.8,0.48,8.53,90.99,2.02
165,2,0.0,0.0,2.97,65.2,3.31,55.9,32.5,27.2,2.38,12.61,85.02,2.66
1394,23,0.0,0.0,3.4,57.4,4.15,57.1,33.8,159.5,0.0,12.35,88.52,2.13
1110,18,0.0,0.0,3.85,315.9,6.88,50.2,23.7,126.5,0.96,21.91,77.13,5.06
14,0,0.0,0.0,4.78,356.4,13.12,32.5,28.9,145.9,0.0,43.83,56.25,7.07
996,16,469.2,69.95,1.89,161.6,0.0,39.3,28.2,154.0,80.91,0.0,20.93,58.83
659,10,348.2,50.15,4.9,352.5,13.9,97.1,27.6,22.9,100.0,0.0,0.0,43.67
178,2,0.0,0.0,1.64,170.5,0.0,43.4,30.4,80.6,0.4,0.0,99.76,0.0
364,6,0.0,0.0,0.46,163.0,0.0,39.3,30.7,41.8,0.0,1.33,99.16,0.0
293,4,0.0,0.0,4.42,96.7,10.07,77.6,23.8,106.6,0.0,21.29,79.64,7.52
1337,22,0.0,0.0,1.79,204.3,0.0,69.4,27.1,102.3,1.63,0.0,100.0,0.0
494,8,255.4,34.29,4.73,140.6,10.79,52.1,30.0,40.2,85.73,15.47,0.0,36.85
343,5,0.0,0.0,2.32,312.2,1.51,47.5,31.7,159.8,0.45,6.12,93.42,1.19
1291,21,0.0,0.0,2.31,342.6,1.18,33.5,30.2,23.7,1.14,6.41,92.45,0.65
1314,21,0.0,0.0,5.0,256.8,14.18,26.3,29.6,103.7,0.0,52.96,47.67,9.97
592,9,785.3,100.0,4.17,157.6,7.46,24.2,29.7,55.6,99.65,0.91,0.0,71.42
959,15,543.2,83.18,0.86,131.8,0.0,43.2,34.6,124.7,77.94,2.09,19.97,54.28
842,14,436.4,72.36,5.95,349.7,25.26,60.9,29.6,55.1,98.39,1.92,0.0,59.98
836,13,963.8,100.0,1.69,244.8,0.0,59.3,23.0,63.2,97.14,2.78,0.08,73.94
1219,20,0.0,0.0,3.67,225.6,5.75,75.6,31.4,92.7,1.86,13.65,84.5,3.12
616,10,630.7,100.0,5.88,0.2,22.79,90.3,25.8,76.9,100.0,0.0,0.67,99.37
135,2,0.0,0.0,4.76,354.8,10.54,62.4,33.6,74.6,0.0,27.01,74.04,6.34
234,3,0.0,0.0,2.86,121.6,2.59,44.7,22.9,85.2,0.0,8.94,91.53,2.19
826,13,1055.5,100.0,6.0,180.9,25.21,96.4,32.0,40.5,97.97,1.31,0.72,97.05
624,10,1054.6,100.0,3.77,59.5,6.03,34.1,28.0,149.0,81.21,3.51,15.28,77.8
258,4,0.0,0.0,1.88,347.5,0.0,70.7,33.3,56.3,0.23,0.0,100.0,0.0
807,13,915.2,100.0,6.39,317.7,28.22,35.7,24.9,71.4,98.64,1.88,0.0,94.3
952,15,504.2,78.04,3.2,142.5,3.74,66.2,32.0,51.7,97.81,0.0,3.0,69.19
1096,18,0.0,0.0,2.18,287.0,1.13,98.6,25.4,130.2,0.0,4.05,98.27,0.72
625,10,394.9,68.57,2.64,359.0,2.32,30.5,31.6,123.3,77.95,3.67,18.38,49.28
889,14,998.6,100.0,1.63,313.6,0.0,90.4,26.5,40.0,99.78,0.0,0.35,61.11
1392,23,0.0,0.0,3.23,37.0,3.77,32.0,25.9,70.2,0.0,19.93,81.91,2.48
1392,23,0.0,0.0,3.2,28.6,3.34,81.2,29.3,115.7,2.57,8.08,89.35,1.96
234,3,0.0,0.0,1.46,124.3,0.0,50.7,29.2,16.5,2.22,0.29,97.49,0.0
1174,19,0.0,0.0,2.56,176.0,2.07,60.7,24.5,39.8,0.63,5.58,93.79,1.45
670,11,1058.8,100.0,1.95,84.0,0.0,51.8,31.0,26.3,97.89,1.28,0.83,83.3
114,1,0.0,0.0,5.26,57.0,18.46,93.6,28.4,81.3,0.9,28.21,70.89,12.29
162,2,0.0,0.0,1.63,83.4,0.0,60.3,27.3,99.8,0.07,0.0,99.92,0.0
84,1,0.0,0.0,3.39,344.8,3.9,67.8,23.3,143.5,0.0,11.6,93.13,2.02
1103,18,0.0,0.0,3.54,291.5,5.04,63.0,35.0,148.8,0.0,14.09,89.25,2.84
1428,23,0.0,0.0,3.37,55.9,4.78,55.4,32.2,152.8,0.84,15.38,83.77,3.22
401,6,0.0,0.0,2.39,154.6,1.74,38.7,23.9,22.5,0.0,9.14,94.72,0.93
1418,23,0.0,0.0,1.85,303.9,0.0,46.2,33.9,93.1,1.99,0.49,97.52,0.0
0,0,0.0,0.0,0.32,98.3,0.0,86.3,34.9,75.9,1.17,0.29,98.54,0.0
896,14,1018.4,100.0,1.67,187.7,0.0,59.2,28.6,127.1,77.46,2.09,20.45,80.17
226,3,0.0,0.0,4.54,103.9,10.6,57.1,28.3,156.7,0.54,26.74,72.72,8.47
1143,19,0.0,0.0,2.0,334.4,0.0,74.5,31.7,137.8,1.01,0.0,99.54,0.0
1142,19,0.0,0.0,3.06,184.0,3.61,94.8,29.9,112.2,0.0,5.35,95.54,1.9
156,2,0.0,0.0,2.08,110.8,0.93,38.9,27.1,111.1,2.71,1.22,96.08,0.66
425,7,283.8,44.8,0.9,265.4,0.0,88.1,25.0,75.3,59.78,1.08,39.14,37.33
853,14,957.6,100.0,2.59,84.9,2.11,87.0,29.5,32.9,100.0,0.81,0.0,65.2
998,16,333.1,49.75,7.73,92.2,44.56,39.3,34.8,156.5,44.42,39.6,15.98,78.63
1197,19,0.0,0.0,2.51,333.3,1.54,33.3,33.8,26.5,0.19,6.44,93.37,0.83
214,3,0.0,0.0,2.23,320.8,1.29,96.6,26.1,71.7,0.47,1.57,97.96,1.08
1111,18,0.0,0.0,3.23,63.1,3.34,42.0,23.3,159.7,1.7,12.7,85.61,2.63
243,4,0.0,0.0,2.33,35.9,1.29,25.0,34.0,31.3,2.95,11.38,85.67,0.85
1400,23,0.0,0.0,1.82,316.7,0.0,31.4,29.4,96.4,0.0,1.44,98.63,0.0
1035,17,274.1,40.28,2.43,155.4,1.59,44.9,23.0,153.0,62.57,2.28,35.14,27.98
406,6,0.0,0.0,5.31,277.3,16.32,23.2,26.0,58.1,0.0,59.93,42.17,9.32
924,15,877.0,100.0,1.37,125.6,0.0,49.7,32.8,47.2,98.14,0.52,1.34,82.14
834,13,751.4,100.0,1.31,22.3,0.0,65.7,23.0,11.7,100.0,0.0,1.18,71.27
93,1,0.0,0.0,4.15,44.4,7.32,82.5,27.7,14.4,0.0,51.25,49.89,4.89
1383,23,0.0,0.0,1.6,167.7,0.0,88.6,23.4,149.3,0.0,0.0,100.0,0.0
310,5,0.0,0.0,1.31,267.9,0.0,89.4,33.7,78.0,0.0,0.22,100.0,0.0
682,11,540.6,75.74,1.85,328.3,0.0,94.6,23.2,48.9,99.01,1.09,0.0,56.97
1416,23,0.0,0.0,5.12,111.8,16.65,53.6,34.6,26.2,0.0,65.16,36.82,14.07
90,1,0.0,0.0,5.88,151.7,20.79,83.0,29.5,121.5,0.0,33.01,66.99,17.56
145,2,0.0,0.0,5.75,256.6,21.01,70.4,27.8,128.1,0.4,36.88,62.72,10.95
144,2,0.0,0.0,2.15,248.7,1.27,22.9,26.8,154.3,0.0,11.31,91.7,0.71
1080,18,0.0,0.0,5.38,281.2,15.98,35.5,31.5,46.8,0.61,46.47,52.92,12.5
245,4,0.0,0.0,0.9,269.4,0.0,36.8,29.3,68.7,1.91,0.0,100.0,0.0
766,12,792.4,100.0,2.84,190.1,2.51,37.5,27.1,12.0,100.0,0.0,0.0,74.87
174,2,0.0,0.0,3.14,272.5,3.92,37.4,29.1,23.2,0.0,17.22,83.94,2.59
1091,18,0.0,0.0,2.7,161.0,2.1,45.8,29.2,44.2,1.19,8.17,90.64,1.61
1264,21,0.0,0.0,6.86,280.8,36.82,36.1,26.1,10.9,0.0,99.87,0.89,30.46
942,15,615.6,95.85,4.15,165.7,7.35,39.6,33.8,159.3,78.16,5.64,16.19,80.05
796,13,477.7,69.14,2.82,39.9,2.26,38.3,32.3,82.3,84.3,2.32,13.37,52.59
292,4,0.0,0.0,4.02,291.5,6.93,71.6,27.6,132.8,0.0,17.47,84.71,4.22
1055,17,326.1,49.77,4.2,56.9,8.22,43.4,30.2,80.5,62.22,11.24,26.53,39.93
1328,22,0.0,0.0,1.21,195.8,0.0,29.9,28.9,13.6,0.84,1.4,97.76,0.0
552,9,855.8,100.0,2.18,263.9,1.15,92.8,33.0,82.7,100.0,0.14,0.0,77.16
634,10,401.3,54.43,2.2,226.9,1.31,52.0,26.5,96.9,65.03,1.09,33.88,45.08
917,15,557.1,91.06,5.93,201.9,26.47,98.2,27.9,115.0,79.33,20.91,0.0,86.08
1211,20,0.0,0.0,4.85,351.6,11.28,73.3,30.6,113.6,0.0,21.93,79.52,8.38
255,4,0.0,0.0,2.09,95.0,1.1,36.8,26.9,109.3,3.16,3.88,92.96,0.7
320,5,0.0,0.0,7.37,180.4,41.87,30.3,34.0,36.4,0.55,99.5,0.0,30.31
1052,17,259.0,37.68,0.96,267.5,0.0,88.5,29.1,58.8,63.28,0.0,37.43,22.77
1031,17,166.1,23.39,2.23,353.0,1.1,43.3,27.0,73.2,52.94,1.44,45.62,15.64
555,9,453.3,71.84,1.66,85.2,0.0,24.5,34.3,95.2,87.66,0.0,13.95,49.98
1370,22,0.0,0.0,3.0,12.2,3.37,73.2,30.4,156.8,0.0,9.54,93.12,2.25
133,2,0.0,0.0,5.37,290.8,16.49,21.5,33.5,32.1,0.0,59.22,41.18,9.22
1356,22,0.0,0.0,4.36,232.3,9.9,26.0,23.0,120.5,1.91,43.03,55.06,6.06
1237,20,0.0,0.0,0.68,160.8,0.0,80.6,25.4,73.0,0.0,0.3,100.0,0.0
601,10,348.4,49.86,1.87,328.7,0.0,42.9,30.6,128.5,70.55,0.0,32.03,40.65
1009,16,567.2,82.87,4.29,352.1,8.33,80.6,23.3,45.8,98.52,0.0,2.22,62.49
89,1,0.0,0.0,2.01,134.3,0.81,67.0,33.2,100.1,2.82,0.86,96.33,0.46
1014,16,217.4,29.84,4.57,152.3,12.13,25.2,27.7,79.9,56.28,22.89,20.83,31.36
1402,23,0.0,0.0,3.46,201.8,4.39,94.1,34.8,152.8,0.0,9.33,91.28,3.55
1045,17,270.5,47.79,3.83,139.0,6.63,46.2,30.9,35.6,97.7,0.0,3.02,45.96
614,10,902.8,100.0,3.92,159.9,6.73,77.0,23.5,144.1,69.3,3.74,26.96,73.35
107,1,0.0,0.0,3.25,84.8,4.25,71.2,26.8,24.7,0.12,17.44,82.44,2.23
1400,23,0.0,0.0,1.58,300.6,0.0,50.8,29.4,148.3,0.0,0.0,100.0,0.0
165,2,0.0,0.0,4.52,160.4,11.51,89.9,26.2,78.8,0.0,21.85,78.8,6.75
1406,23,0.0,0.0,3.19,325.8,4.1,25.2,24.1,105.5,0.0,24.29,77.18,3.06
580,9,905.8,100.0,3.96,295.7,7.71,44.1,33.6,48.0,100.0,0.49,0.0,85.35
413,6,0.0,0.0,0.57,178.7,0.0,93.7,28.5,153.8,0.0,0.0,100.0,0.0
1174,19,0.0,0.0,1.57,72.4,0.0,35.9,30.0,154.7,0.0,0.54,100.0,0.0
32,0,0.0,0.0,3.19,5.2,3.59,54.3,29.1,50.1,0.28,10.57,89.15,2.78
831,13,632.0,96.8,4.45,100.7,10.78,87.8,27.0,137.8,69.44,8.07,22.48,70.03
10,0,0.0,0.0,2.34,292.0,1.52,40.5,32.3,65.9,0.0,8.36,91.69,0.82
1357,22,0.0,0.0,4.13,199.5,7.34,44.0,24.9,148.2,1.72,24.35,73.93,3.76
675,11,1094.9,100.0,0.14,277.2,0.0,38.1,33.4,32.2,100.0,0.0,0.0,70.71
929,15,486.9,77.02,0.75,35.7,0.0,78.5,31.0,127.3,69.31,0.0,33.85,54.68
1383,23,0.0,0.0,3.78,271.5,6.66,61.6,22.7,38.9,1.44,17.35,81.21,5.44
624,10,805.5,100.0,7.31,355.1,49.0,54.1,31.2,68.0,100.0,0.0,0.0,98.69
512,8,471.5,79.05,2.16,9.4,1.08,90.9,27.3,134.2,65.27,0.0,35.64,47.94
82,1,0.0,0.0,2.24,48.1,1.44,73.4,33.2,21.7,0.91,7.75,91.35,0.97
1282,21,0.0,0.0,2.26,307.5,1.3,30.2,26.6,55.6,0.78,7.74,91.48,1.02
14,0,0.0,0.0,3.26,137.3,3.78,97.5,32.3,149.3,0.01,8.4,91.59,2.83
322,5,0.0,0.0,2.48,115.8,1.48,73.5,23.0,116.2,0.0,5.15,96.69,1.21
1311,21,0.0,0.0,2.36,305.9,1.4,86.1,29.6,71.8,0.0,2.48,98.84,0.99
904,15,774.0,100.0,4.23,317.0,9.42,65.2,23.5,18.7,98.32,0.12,1.55,87.4
1101,18,0.0,0.0,0.15,357.4,0.0,98.1,33.5,45.6,0.0,0.0,100.0,0.0
1193,19,0.0,0.0,5.01,90.2,15.96,49.5,25.7,11.8,0.0,100.0,0.0,8.82
154,2,0.0,0.0,4.07,208.4,6.51,56.1,32.3,99.6,0.0,18.95,81.85,5.01
615,10,523.8,81.88,6.2,35.6,29.24,62.8,31.9,127.2,63.59,25.95,10.46,78.6
1364,22,0.0,0.0,4.75,181.5,12.18,45.5,25.6,52.7,0.88,35.14,63.99,7.48
535,8,564.0,83.2,4.4,301.8,10.87,61.5,27.0,23.1,100.0,0.0,0.0,64.87
1372,22,0.0,0.0,2.06,119.8,1.06,94.0,34.6,97.3,2.26,1.09,96.65,0.72
891,14,446.7,59.8,4.31,184.5,9.08,80.1,28.2,147.8,56.37,7.57,36.06,49.72
865,14,594.1,100.0,3.34,239.8,4.39,36.1,23.4,59.4,100.0,0.0,0.0,85.3
826,13,1215.0,100.0,2.29,25.7,1.55,82.3,33.3,144.3,69.15,2.05,28.8,79.54
554,9,786.1,100.0,4.51,103.8,9.04,26.8,31.4,26.7,98.26,1.39,0.35,69.4
1071,17,139.5,18.92,2.87,132.2,2.43,33.6,31.6,137.9,49.68,4.64,45.68,15.15
854,14,729.7,100.0,7.14,329.7,39.86,51.9,24.1,90.1,100.0,0.0,0.05,90.37
897,14,991.8,100.0,3.96,250.4,6.57,70.9,28.6,100.6,97.95,0.97,1.07,74.5
1224,20,0.0,0.0,5.09,224.1,15.15,32.1,25.8,92.3,0.05,47.5,52.45,11.16
1367,22,0.0,0.0,5.33,86.5,17.55,66.9,31.4,81.5,0.0,35.28,67.2,13.26
686,11,473.0,65.21,3.28,307.4,4.2,66.4,24.8,17.4,100.0,0.0,0.59,54.42
381,6,0.0,0.0,5.23,81.4,13.71,95.2,34.3,33.6,0.0,41.18,59.57,9.34
291,4,0.0,0.0,3.34,277.2,4.66,46.6,25.0,33.1,1.19,15.54,83.27,3.3
1230,20,0.0,0.0,2.96,98.3,2.65,95.7,30.2,14.2,0.01,17.94,82.05,1.47
150,2,0.0,0.0,8.07,341.2,51.72,42.7,28.2,102.1,0.0,73.5,27.72,43.45
628,10,903.1,100.0,3.82,19.3,6.87,88.1,34.2,153.0,65.88,5.18,28.94,71.53
601,10,903.9,100.0,3.79,40.3,5.62,73.0,31.2,50.9,98.98,1.17,0.0,80.91
1141,19,0.0,0.0,7.38,321.5,42.2,71.1,27.9,10.5,0.0,100.0,0.0,26.43
793,13,1168.8,100.0,3.49,59.5,4.51,53.0,27.5,122.7,81.69,3.1,15.22,80.34
542,9,375.6,59.62,0.19,211.1,0.0,28.6,25.9,51.1,98.6,0.0,1.96,49.4
1130,18,0.0,0.0,3.72,129.3,6.11,56.3,32.3,110.4,2.05,16.22,81.72,4.8
588,9,679.5,100.0,3.48,208.0,4.3,57.0,26.1,152.3,77.95,2.2,19.85,84.1
761,12,883.9,100.0,3.99,220.9,7.98,68.0,32.1,92.1,99.03,0.0,1.33,81.7
248,4,0.0,0.0,6.71,170.7,34.56,24.9,24.4,85.1,0.9,74.81,24.29,20.49
443,7,319.4,42.25,4.05,178.9,8.07,58.9,31.5,143.1,53.4,9.38,37.22,34.99
600,10,840.5,100.0,7.97,265.5,64.24,91.0,33.2,101.3,97.82,1.5,0.68,137.66
1366,22,0.0,0.0,4.36,65.8,10.49,88.9,31.5,156.1,1.15,20.0,78.85,7.36
155,2,0.0,0.0,6.92,252.2,38.61,55.7,25.4,64.9,0.0,60.34,41.07,19.75
1410,23,0.0,0.0,2.65,11.3,2.22,61.9,32.1,151.9,0.0,6.39,95.13,1.58
818,13,446.3,75.62,1.86,283.9,0.0,90.9,30.0,121.4,60.94,0.68,38.38,58.09
402,6,0.0,0.0,3.13,146.1,3.29,99.8,24.8,104.6,3.08,6.22,90.7,2.72
485,8,490.6,87.64,5.18,245.8,15.68,39.6,34.0,81.4,100.0,0.0,0.0,74.11
529,8,474.6,70.78,4.9,53.6,12.66,64.5,30.3,109.3,64.71,10.13,25.16,52.93
52,0,0.0,0.0,3.68,346.4,5.61,65.7,30.5,158.5,0.0,15.49,88.17,4.41
1245,20,0.0,0.0,2.52,332.0,1.77,64.2,25.1,12.1,0.0,13.28,86.85,1.24
843,14,600.3,81.47,1.99,315.2,0.0,41.2,23.7,104.9,79.25,0.49,20.26,50.42
613,10,1130.8,100.0,0.56,293.7,0.0,81.5,27.7,142.6,72.78,0.0,28.82,63.78
766,12,1267.5,100.0,2.57,270.2,1.75,67.3,33.0,38.6,96.18,2.36,1.45,79.03
223,3,0.0,0.0,2.93,7.4,3.01,63.9,26.2,135.2,0.0,7.3,93.93,1.58
515,8,227.5,31.22,7.02,168.9,35.71,29.6,32.2,151.4,38.14,44.07,17.8,42.44
926,15,328.0,52.52,3.2,75.2,3.34,82.8,22.4,101.5,53.45,4.34,42.21,46.83
1272,21,0.0,0.0,3.25,26.5,3.56,50.1,32.7,145.8,0.0,14.5,87.61,2.1
1086,18,0.0,0.0,2.77,250.9,2.42,71.2,33.3,32.6,0.0,8.95,91.98,1.64
1024,17,151.3,27.13,0.42,357.4,0.0,54.6,22.4,13.4,96.71,0.67,2.62,20.72
490,8,302.1,42.85,2.03,350.1,0.99,21.2,29.6,96.3,79.07,1.35,19.59,30.16
1388,23,0.0,0.0,3.62,141.1,5.04,88.9,28.6,91.4,0.0,13.63,89.89,2.79
120,2,0.0,0.0,3.88,82.5,6.19,63.6,33.1,135.1,0.0,15.82,84.83,5.09
79,1,0.0,0.0,6.07,217.1,26.39,30.7,26.8,104.8,0.0,62.74,38.06,13.54
100,1,0.0,0.0,2.84,48.8,2.79,56.4,26.8,13.4,0.0,19.71,84.57,1.87
44,0,0.0,0.0,3.78,294.4,5.41,35.9,25.2,21.4,0.6,25.01,74.39,3.91
1140,19,0.0,0.0,4.42,322.4,10.15,92.4,23.7,68.9,1.92,18.35,79.73,7.97
567,9,832.9,100.0,4.17,220.5,6.97,57.7,27.4,61.5,100.0,0.0,0.0,82.07
480,8,248.3,38.05,1.28,318.1,0.0,35.6,28.8,149.8,67.82,0.18,32.0,25.73
331,5,0.0,0.0,5.21,72.8,14.49,86.7,31.9,127.7,0.0,24.81,75.62,10.13
235,3,0.0,0.0,4.14,316.1,7.78,73.1,30.7,158.5,0.0,16.84,83.95,4.6
1217,20,0.0,0.0,3.68,115.2,5.53,39.4,32.4,111.1,0.0,22.35,77.86,4.4
352,5,0.0,0.0,1.38,184.2,0.0,69.5,27.0,54.5,0.67,1.26,98.08,0.0
743,12,1079.5,100.0,5.93,332.0,25.94,35.3,32.9,41.4,100.0,0.0,0.0,86.17
390,6,0.0,0.0,3.74,181.6,6.75,82.0,23.3,75.2,0.0,11.76,88.86,5.09
1328,22,0.0,0.0,1.61,288.3,0.0,54.5,33.4,18.6,2.55,0.62,96.83,0.0
387,6,0.0,0.0,3.28,77.2,3.53,84.8,24.1,79.3,0.0,6.36,93.99,2.59
934,15,385.6,63.79,1.4,17.2,0.0,27.3,26.9,145.2,83.06,0.0,17.63,42.15
567,9,698.1,100.0,0.83,339.7,0.0,43.9,22.1,149.2,81.19,0.0,20.01,75.82
990,16,250.8,41.73,3.9,330.9,5.68,57.0,27.1,126.0,54.13,9.0,36.87,33.2
1243,20,0.0,0.0,4.05,282.4,7.16,91.0,22.9,18.9,0.0,40.99,61.2,4.9
616,10,689.4,98.95,2.98,178.6,3.04,28.1,31.7,32.7,100.0,0.0,0.16,74.2
1310,21,0.0,0.0,1.41,83.2,0.0,99.9,27.5,93.8,0.0,3.09,97.01,0.0
794,13,529.8,85.7,2.2,14.7,1.12,22.2,30.9,48.6,98.22,0.21,1.57,71.64
1326,22,0.0,0.0,1.16,308.7,0.0,35.6,31.1,75.9,1.16,0.0,99.35,0.0
1079,17,310.6,55.73,1.77,322.6,0.0,61.6,28.9,88.0,62.92,1.58,35.5,38.88
822,13,611.9,99.74,0.91,87.1,0.0,63.8,23.8,37.9,98.19,2.76,0.0,68.22
499,8,382.5,62.73,3.65,236.1,4.87,59.5,25.5,122.1,63.35,4.63,32.02,51.74
794,13,890.3,100.0,4.3,181.9,9.07,31.4,34.4,70.9,100.0,0.0,0.0,82.19
1115,18,0.0,0.0,2.99,177.0,3.18,75.5,29.1,140.6,0.0,10.45,91.2,2.35
236,3,0.0,0.0,3.64,173.6,6.25,80.3,23.8,140.3,1.16,14.4,84.44,5.08
1377,22,0.0,0.0,1.41,184.5,0.0,73.9,32.0,98.4,0.02,0.0,100.0,0.0
1061,17,191.1,27.28,5.41,23.7,20.27,92.8,29.9,21.2,100.0,0.0,0.0,37.61
812,13,1162.2,100.0,3.32,81.1,4.06,51.0,34.0,107.2,91.44,2.49,6.07,67.96
689,11,1191.2,100.0,1.28,85.0,0.0,50.7,25.2,65.7,100.0,0.0,0.0,62.7
301,5,0.0,0.0,3.06,144.5,3.44,41.8,23.6,43.0,0.0,14.57,86.19,2.88
849,14,1140.4,100.0,2.74,139.2,2.23,84.7,27.9,85.8,100.0,0.0,0.03,62.34
1335,22,0.0,0.0,4.98,353.2,12.05,29.3,25.1,15.7,0.0,76.79,24.17,7.48
494,8,578.4,84.44,4.12,333.2,7.39,94.3,34.6,21.8,96.57,2.84,0.59,70.76
785,13,1193.7,100.0,1.12,251.2,0.0,95.8,30.1,43.4,100.0,0.0,0.38,63.0
1250,20,0.0,0.0,3.58,133.3,4.98,62.2,34.8,148.9,3.03,13.88,83.09,3.66
968,16,517.7,78.01,0.82,202.9,0.0,55.1,29.2,21.4,99.85,0.83,0.0,54.56
886,14,391.0,65.14,2.9,172.4,2.77,55.1,31.6,113.5,71.47,0.82,27.72,51.84
1086,18,0.0,0.0,4.7,133.0,11.9,85.6,34.2,93.3,0.0,20.35,80.48,7.68
69,1,0.0,0.0,1.6,307.7,0.0,97.1,33.7,101.4,1.98,0.0,99.7,0.0
406,6,0.0,0.0,3.57,278.4,5.63,35.6,34.7,123.0,0.0,24.89,76.16,4.27
552,9,659.8,100.0,2.53,257.0,1.96,83.9,23.8,42.5,100.0,0.0,0.0,67.21
819,13,525.3,87.66,1.22,133.7,0.0,86.8,22.6,43.8,100.0,0.7,0.0,67.41
577,9,833.6,100.0,5.16,145.3,14.92,52.4,23.7,140.1,72.34,9.11,18.55,71.94
941,15,625.7,97.21,3.95,129.8,6.5,53.5,30.1,40.9,100.0,0.0,0.0,77.15
949,15,677.2,91.01,1.95,247.7,0.0,21.2,31.3,28.4,100.0,0.6,0.0,66.21
32,0,0.0,0.0,1.66,265.1,0.0,41.6,26.7,101.4,1.03,1.15,97.82,0.0
1204,20,0.0,0.0,2.33,291.1,1.24,63.3,24.9,29.1,0.0,2.4,100.0,0.93
371,6,0.0,0.0,3.92,204.1,6.13,64.2,32.3,71.8,0.33,15.08,84.59,3.48
900,15,778.1,100.0,5.5,107.0,19.76,77.3,31.5,15.8,99.2,0.3,0.5,89.28
1053,17,109.1,18.49,2.98,288.4,3.36,84.3,28.6,27.7,67.75,10.61,21.64,13.86
76,1,0.0,0.0,0.2,224.0,0.0,48.8,34.3,56.5,2.54,0.0,99.19,0.0
1380,23,0.0,0.0,0.41,346.8,0.0,42.8,25.3,89.4,0.32,0.0,100.0,0.0
1024,17,198.4,26.86,1.85,134.3,0.0,36.8,31.3,114.3,59.06,0.37,40.57,21.07
1253,20,0.0,0.0,4.33,58.9,8.72,55.1,24.0,96.1,0.0,21.52,81.86,5.54
1026,17,104.1,15.66,1.5,301.6,0.0,33.2,27.6,87.8,46.58,2.5,50.92,10.6
1365,22,0.0,0.0,3.24,0.6,3.82,71.8,22.8,125.2,1.5,11.43,87.07,2.18
329,5,0.0,0.0,0.6,57.5,0.0,27.8,24.1,13.5,0.0,1.77,100.0,0.0
990,16,373.4,64.85,2.18,219.2,1.33,73.2,30.2,18.7,100.0,0.0,0.0,41.12
119,1,0.0,0.0,3.64,248.6,4.99,27.3,33.1,81.4,0.0,26.5,76.21,3.16
437,7,141.7,22.42,3.74,91.0,6.21,84.4,26.6,70.6,30.4,9.25,60.35,20.42
939,15,593.2,85.21,0.47,11.9,0.0,87.3,33.8,67.7,99.47,0.0,2.25,55.55
1076,17,184.2,29.79,1.54,199.5,0.0,68.6,28.2,46.2,63.02,2.98,34.0,23.56
778,12,638.0,96.04,1.79,280.6,0.0,97.5,27.4,102.7,93.95,0.0,7.03,72.89
1160,19,0.0,0.0,1.9,356.9,0.0,48.3,30.7,85.5,0.38,1.63,97.99,0.0
295,4,0.0,0.0,2.33,111.8,1.58,55.2,34.6,58.0,0.0,6.45,95.94,1.25
323,5,0.0,0.0,4.35,110.3,10.02,37.0,31.5,122.4,0.0,33.97,66.46,7.49
627,10,542.6,96.64,1.16,254.5,0.0,65.8,30.9,83.3,100.0,0.0,0.0,78.11
839,13,1264.8,100.0,1.79,282.8,0.0,54.6,32.7,105.1,97.43,0.0,3.97,79.65
624,10,472.1,63.23,2.85,103.5,2.59,98.4,25.5,56.6,100.0,0.07,0.0,39.91
784,13,1230.3,100.0,4.31,39.7,8.78,66.8,29.5,91.5,100.0,0.8,0.0,68.08
582,9,321.0,42.43,4.25,90.3,7.9,20.6,25.9,73.2,68.81,12.56,18.63,36.09
775,12,402.9,53.74,1.19,90.0,0.0,35.0,29.0,14.2,100.0,0.0,0.0,36.47
1357,22,0.0,0.0,3.06,184.7,3.32,74.8,26.5,18.7,0.8,17.87,81.34,2.63
1040,17,271.6,38.15,3.58,69.6,5.89,88.0,28.9,28.4,100.0,1.75,0.0,32.88
764,12,611.0,81.28,2.65,26.8,2.1,68.2,26.9,102.0,79.73,3.27,17.0,64.16
1026,17,168.4,27.17,4.84,347.5,11.95,97.3,28.1,92.0,30.23,14.11,55.66,31.65
1383,23,0.0,0.0,1.2,218.3,0.0,88.2,31.9,136.0,0.0,0.0,100.0,0.0
962,16,211.6,36.24,3.17,6.2,4.09,80.5,32.1,11.2,99.6,0.0,1.18,32.27
1053,17,231.7,30.74,3.93,257.4,7.64,74.7,30.8,31.5,94.78,2.86,2.36,30.51
1253,20,0.0,0.0,6.97,65.3,33.35,49.0,28.3,36.0,0.0,92.8,7.72,26.01
333,5,0.0,0.0,0.35,142.3,0.0,22.4,28.2,14.6,2.11,0.0,98.95,0.0
191,3,0.0,0.0,3.97,197.6,7.47,64.1,23.7,89.9,0.0,20.89,80.91,3.9
792,13,704.1,100.0,2.26,263.7,1.22,75.1,28.6,153.5,71.71,0.96,27.33,84.28
1216,20,0.0,0.0,4.09,346.7,7.81,89.6,29.5,109.4,0.0,15.21,85.36,5.81
1131,18,0.0,0.0,3.03,90.4,2.99,67.7,28.4,127.3,0.0,7.12,92.93,2.38
239,3,0.0,0.0,4.31,14.4,8.63,55.1,29.3,51.1,1.45,23.65,74.9,5.66
218,3,0.0,0.0,1.48,72.0,0.0,27.4,30.8,48.2,0.0,1.1,99.12,0.0
719,11,496.0,85.14,5.49,118.6,20.41,55.0,32.0,122.3,68.03,16.99,14.98,76.48
644,10,1111.2,100.0,2.45,78.2,1.57,97.7,24.4,45.6,100.0,0.0,1.53,61.87
149,2,0.0,0.0,4.46,152.1,8.87,66.0,26.2,113.3,1.35,20.57,78.09,6.81
1262,21,0.0,0.0,2.06,154.0,1.1,80.7,34.3,145.6,0.37,3.32,96.31,0.6
667,11,790.3,100.0,1.33,341.4,0.0,95.1,22.1,21.2,100.0,0.25,0.0,71.02
1400,23,0.0,0.0,2.27,342.0,1.2,39.2,31.9,60.4,0.0,7.25,94.91,0.85
411,6,0.0,0.0,3.71,157.5,6.34,41.1,27.5,145.1,1.28,22.89,75.83,4.65
85,1,0.0,0.0,5.56,130.8,19.13,80.3,29.4,148.0,0.0,32.13,68.69,10.17
793,13,849.1,100.0,2.9,318.3,3.03,22.5,27.7,10.7,98.78,1.25,0.0,70.93
877,14,406.7,58.03,2.23,252.4,1.43,46.0,31.6,15.3,100.0,0.0,0.0,41.43
963,16,433.3,75.4,5.74,319.5,19.11,84.1,28.2,153.1,52.54,15.03,32.43,64.02
5,0,0.0,0.0,4.06,152.3,8.07,85.7,32.6,142.4,0.33,13.4,86.27,5.08
896,14,767.9,100.0,2.72,7.8,2.18,34.6,24.4,141.5,88.05,0.32,11.63,64.1
273,4,0.0,0.0,3.6,107.5,5.09,20.0,25.0,108.8,0.0,34.65,66.25,3.16
487,8,209.8,36.16,1.9,72.4,0.0,96.7,33.4,23.5,99.57,1.09,0.0,23.45
706,11,1008.4,100.0,2.91,223.6,2.77,60.3,32.2,152.2,74.16,3.0,22.84,78.91
979,16,379.4,67.61,2.5,212.5,1.89,60.2,28.6,115.3,66.59,3.05,30.37,53.67
982,16,347.4,47.29,1.86,39.7,0.0,73.4,28.8,99.4,54.82,1.2,43.98,29.61
844,14,638.8,97.35,1.07,288.5,0.0,82.0,24.0,78.0,100.0,0.0,0.0,80.06
1076,17,202.4,34.52,1.78,245.2,0.0,48.2,28.4,119.1,56.31,2.19,41.5,21.49
476,7,182.8,32.67,4.43,149.1,8.75,62.9,34.3,89.5,45.86,12.71,41.43,28.93
251,4,0.0,0.0,4.18,157.8,7.15,82.6,29.7,92.5,0.0,13.47,87.89,5.45
434,7,212.6,35.55,2.66,168.2,2.38,49.8,28.6,139.6,58.79,1.84,39.37,23.36
1212,20,0.0,0.0,5.11,246.0,14.33,64.9,25.3,129.8,0.11,30.81,69.08,11.11
745,12,604.6,90.62,1.45,175.3,0.0,47.3,27.3,41.8,98.99,0.0,2.12,54.27
291,4,0.0,0.0,4.03,324.5,6.72,95.3,32.3,133.9,0.0,13.0,87.36,5.56
1376,22,0.0,0.0,4.2,225.9,8.25,23.8,29.8,91.6,0.0,41.6,62.5,4.52
626,10,685.5,91.09,0.92,130.4,0.0,78.7,25.9,17.8,100.0,0.0,0.14,70.11
1305,21,0.0,0.0,4.96,279.8,13.97,61.3,28.2,74.8,0.0,30.55,71.3,8.27
1193,19,0.0,0.0,4.27,208.7,8.16,71.6,31.7,83.7,1.35,17.79,80.86,6.4
724,12,1140.6,100.0,2.77,67.9,2.32,37.5,22.8,16.1,99.34,0.0,0.8,73.92
1285,21,0.0,0.0,2.89,239.0,2.41,96.4,22.7,116.2,0.0,5.91,95.84,1.43
767,12,968.4,100.0,3.28,322.7,4.24,58.4,32.8,58.1,100.0,0.0,1.09,67.62
591,9,669.3,100.0,2.82,166.1,2.19,76.9,29.2,94.2,96.85,0.53,2.62,76.0
296,4,0.0,0.0,0.83,208.5,0.0,27.2,24.5,36.3,2.41,0.0,98.04,0.0
1284,21,0.0,0.0,2.63,26.7,2.28,43.4,32.1,136.4,1.37,9.15,89.48,1.33
1435,23,0.0,0.0,4.95,20.2,14.31,92.5,27.7,131.2,0.0,21.64,79.25,11.59
520,8,241.3,38.1,3.06,92.2,3.15,21.3,22.2,48.3,79.4,5.64,14.96,32.32
65,1,0.0,0.0,1.85,342.1,0.0,48.5,32.9,45.8,0.0,0.0,100.0,0.0
532,8,479.1,74.85,5.41,37.9,17.77,36.0,28.7,51.9,99.32,0.84,0.0,63.62
258,4,0.0,0.0,2.61,114.4,1.88,46.7,30.5,128.5,0.47,8.64,90.89,1.36
686,11,1130.7,100.0,1.58,236.9,0.0,69.9,24.1,142.8,76.73,0.51,22.76,69.87
491,8,402.0,69.82,3.33,321.4,4.03,88.9,26.3,42.0,97.42,2.95,0.0,49.53
77,1,0.0,0.0,1.53,345.2,0.0,62.8,28.4,45.8,0.0,0.26,100.0,0.0
776,12,463.9,81.13,3.46,230.7,4.13,92.6,29.8,112.3,70.46,4.71,24.83,66.37
1429,23,0.0,0.0,3.72,16.2,5.04,76.6,33.8,26.9,0.0,18.21,82.45,2.81
1163,19,0.0,0.0,1.62,158.3,0.0,95.0,26.9,148.2,0.0,0.39,100.0,0.0
64,1,0.0,0.0,2.15,323.5,1.16,33.1,27.3,157.3,0.64,4.92,94.45,0.81
10,0,0.0,0.0,3.3,110.5,3.61,89.9,30.5,138.3,0.0,6.92,94.46,3.01
873,14,741.2,100.0,1.74,2.1,0.0,80.1,29.6,113.7,89.64,1.37,8.99,81.09
632,10,769.6,100.0,4.6,332.6,12.15,95.5,23.4,11.5,100.0,0.0,0.02,76.13
881,14,1092.0,100.0,4.01,320.6,6.96,23.3,32.4,22.8,100.0,0.0,0.0,78.58
417,6,0.0,0.0,1.54,262.2,0.0,27.8,33.2,23.9,0.0,0.0,100.0,0.0
31,0,0.0,0.0,3.3,60.0,4.16,20.6,23.9,78.1,0.8,28.52,70.68,2.73
907,15,560.8,74.39,3.23,258.4,3.36,20.3,25.4,96.6,84.6,5.67,9.73,53.58
1055,17,296.7,48.81,2.39,45.2,1.43,39.5,32.5,88.2,73.83,0.0,26.5,37.87
996,16,506.4,80.33,3.62,89.6,5.18,65.8,32.8,68.7,97.39,0.0,2.77,72.16
801,13,1107.8,100.0,2.62,8.7,1.84,52.8,26.5,111.1,90.49,1.34,8.17,80.0
265,4,0.0,0.0,2.68,77.5,2.44,30.7,30.9,75.5,0.0,13.54,87.81,2.06
733,12,1117.1,100.0,2.48,319.4,1.89,80.9,26.3,148.9,68.89,1.13,29.98,80.87
846,14,448.8,72.32,3.23,268.8,4.15,31.4,32.3,32.3,98.16,0.62,1.22,48.23
66,1,0.0,0.0,0.12,243.7,0.0,98.9,29.5,26.6,0.39,1.55,98.06,0.0
203,3,0.0,0.0,3.35,216.6,4.08,44.8,29.5,16.0,0.0,23.76,78.09,3.25
1145,19,0.0,0.0,1.25,78.7,0.0,24.0,27.1,59.3,0.33,0.0,100.0,0.0
1345,22,0.0,0.0,1.78,31.2,0.0,34.2,34.2,26.3,0.0,0.03,100.0,0.0
482,8,390.1,52.9,4.53,91.2,11.53,22.5,28.1,35.1,100.0,0.0,0.22,49.6
703,11,390.5,68.26,1.78,309.1,0.0,38.3,23.3,20.5,96.5,0.51,2.99,45.75
1105,18,0.0,0.0,3.44,185.9,4.25,73.2,23.0,136.1,0.88,8.96,90.15,2.44
133,2,0.0,0.0,1.89,25.3,0.0,49.0,25.1,52.7,0.0,0.0,100.0,0.0
443,7,259.3,44.09,8.14,102.2,57.65,20.9,25.8,67.6,64.34,32.66,3.0,60.23
50,0,0.0,0.0,7.01,162.4,34.62,46.8,30.2,33.2,0.0,100.0,0.45,26.86
1166,19,0.0,0.0,2.22,63.4,1.15,47.4,32.3,152.7,0.0,8.15,93.76,0.9
1144,19,0.0,0.0,5.45,38.5,19.47,41.6,32.5,151.2,0.22,47.65,52.12,15.27
1424,23,0.0,0.0,5.44,176.2,19.03,79.3,31.8,39.2,0.0,49.73,50.36,10.96
880,14,596.7,89.48,1.67,315.3,0.0,31.0,22.4,35.9,99.55,0.0,0.67,69.37
773,12,530.0,76.62,2.4,83.3,1.4,63.9,22.2,153.9,68.96,2.01,29.04,51.7
881,14,1056.0,100.0,1.6,156.5,0.0,22.2,25.6,34.2,100.0,0.0,0.0,73.3
124,2,0.0,0.0,1.78,287.2,0.0,57.0,29.7,107.8,2.68,0.53,96.79,0.0
124,2,0.0,0.0,3.03,203.5,2.69,81.7,23.8,138.7,0.36,5.21,94.42,2.22
22,0,0.0,0.0,2.92,227.2,2.47,46.8,24.4,12.3,0.0,16.11,85.48,1.43
388,6,0.0,0.0,2.71,257.4,2.47,28.1,29.2,46.2,0.0,11.53,88.86,1.65
1249,20,0.0,0.0,1.65,293.2,0.0,64.6,29.6,29.7,1.49,0.0,98.87,0.0
563,9,741.0,100.0,3.06,19.2,2.73,98.3,25.8,15.5,100.0,0.81,0.0,62.22
1376,22,0.0,0.0,5.99,205.5,26.23,77.5,26.9,102.3,1.62,38.96,59.42,16.85
906,15,686.2,91.9,2.34,31.3,1.47,57.3,31.7,17.0,100.0,0.0,1.06,65.78
1040,17,149.2,22.12,3.77,57.6,6.41,67.1,32.4,62.5,34.96,9.08,55.96,23.51
480,8,202.3,33.99,1.79,18.5,0.0,47.8,26.8,142.8,58.32,2.19,39.5,28.2
1399,23,0.0,0.0,4.14,63.0,7.1,51.5,30.7,126.7,1.0,19.12,79.88,5.61
627,10,566.5,75.16,3.24,314.5,3.8,86.0,28.9,99.7,73.81,4.47,21.73,48.84
1323,22,0.0,0.0,5.53,60.9,17.51,90.5,31.4,122.6,0.36,28.63,71.01,14.76
659,10,886.9,100.0,1.0,7.8,0.0,62.9,29.5,131.2,78.82,0.0,23.43,65.46
786,13,981.3,100.0,3.62,91.5,4.8,79.9,32.3,40.7,100.0,0.0,0.0,75.97
940,15,720.0,98.54,2.59,276.9,2.19,86.7,23.6,56.6,100.0,0.0,0.0,72.98
722,12,1312.9,100.0,2.38,190.7,1.66,68.7,26.1,133.5,74.17,0.05,25.78,78.97
1024,17,156.2,23.04,2.23,196.0,1.28,93.7,33.5,136.8,35.15,2.87,61.97,14.48
1017,16,654.3,100.0,5.34,237.8,17.46,67.2,22.4,145.6,69.12,11.92,18.96,69.9
1069,17,179.4,25.65,1.89,112.8,0.0,63.2,28.2,64.9,43.74,0.0,57.25,20.42
277,4,0.0,0.0,3.5,284.2,5.08,78.6,28.6,80.2,0.0,12.12,90.36,3.63
784,13,1205.6,100.0,0.57,177.5,0.0,69.4,30.7,89.6,96.82,1.58,1.6,82.15
174,2,0.0,0.0,6.37,111.1,27.42,91.5,31.8,127.3,0.61,37.53,61.86,15.13
466,7,216.2,37.32,4.45,94.4,10.37,83.0,34.9,64.9,58.51,15.0,26.5,31.77
1295,21,0.0,0.0,3.79,353.8,6.45,63.0,26.3,103.3,1.65,17.31,81.04,4.86
1386,23,0.0,0.0,2.99,283.3,3.32,76.2,32.4,19.5,0.0,18.89,81.62,1.98
1274,21,0.0,0.0,2.34,200.1,1.64,91.3,25.5,17.0,0.0,11.89,89.69,1.27
1427,23,0.0,0.0,2.65,184.8,2.21,54.0,24.2,122.9,0.0,8.68,91.81,1.13
1007,16,517.3,74.57,3.63,218.6,6.02,46.8,28.3,17.8,100.0,0.0,0.0,67.65
1013,16,267.6,44.98,2.95,8.7,2.84,87.0,22.3,158.1,48.29,4.12,47.58,32.12
601,10,905.5,100.0,5.24,30.0,17.47,27.4,31.1,41.5,99.59,0.72,0.0,91.35
600,10,1014.9,100.0,2.19,233.4,1.04,61.9,33.9,87.7,98.69,0.79,0.51,77.19
551,9,372.4,54.72,4.94,242.2,14.85,23.9,26.5,65.8,82.87,17.18,0.0,52.49
974,16,641.8,100.0,2.09,320.2,0.91,76.7,22.9,99.5,94.68,1.36,3.96,82.07
1063,17,330.1,45.6,1.39,221.7,0.0,93.9,29.3,23.6,96.96,1.18,1.87,29.94
435,7,178.8,27.47,1.29,267.3,0.0,97.0,32.0,125.9,37.56,0.0,64.49,20.48
753,12,1278.7,100.0,1.95,203.5,0.0,49.9,31.8,48.5,98.58,0.97,0.45,64.04
770,12,1263.1,100.0,5.52,144.6,19.74,88.2,29.4,44.8,100.0,0.0,0.0,79.24
502,8,251.8,34.67,4.44,164.3,8.8,72.2,32.6,150.4,43.53,11.07,45.4,32.27
209,3,0.0,0.0,4.04,343.4,8.02,38.0,27.3,54.9,0.0,30.37,72.35,5.95
696,11,1241.5,100.0,2.12,335.7,1.04,24.6,31.3,18.5,98.96,0.63,0.4,83.5
641,10,1002.0,100.0,1.73,317.9,0.0,67.6,24.9,42.3,100.0,0.0,0.0,62.97
494,8,259.3,43.14,2.35,206.3,1.65,47.7,27.5,137.2,65.48,1.86,32.66,27.42
242,4,0.0,0.0,3.68,77.0,4.99,90.0,34.4,141.3,2.22,8.94,88.84,4.15
1054,17,237.4,35.95,1.47,28.3,0.0,94.7,25.9,135.9,43.63,0.0,57.2,30.46
329,5,0.0,0.0,3.03,327.6,3.5,65.3,24.2,128.0,0.0,7.89,93.69,2.73
1239,20,0.0,0.0,2.37,37.1,1.41,69.0,28.5,13.8,0.0,11.18,90.3,0.89
752,12,485.1,65.62,4.18,128.0,7.82,30.5,26.5,132.1,74.47,7.95,17.58,53.67
836,13,388.8,54.91,3.56,292.7,4.9,46.9,29.7,71.9,77.02,7.49,15.5,39.66
301,5,0.0,0.0,1.41,74.3,0.0,84.7,28.0,156.6,0.0,0.0,100.0,0.0
612,10,681.8,100.0,2.13,287.0,1.02,59.8,28.3,67.4,99.29,0.56,0.15,61.67
80,1,0.0,0.0,4.5,85.4,9.24,45.1,31.0,102.8,0.0,28.9,71.47,5.72
1093,18,0.0,0.0,5.17,282.5,17.08,62.5,31.7,152.3,0.63,34.16,65.21,14.1
679,11,462.4,72.78,2.96,256.2,3.03,60.2,34.0,111.7,69.03,2.6,28.37,63.31
218,3,0.0,0.0,4.64,103.0,9.79,57.1,25.5,92.5,2.12,24.91,72.97,7.92
352,5,0.0,0.0,1.7,121.4,0.0,57.2,26.4,58.0,0.0,0.0,100.0,0.0
815,13,1119.4,100.0,2.53,130.5,1.89,64.4,26.1,107.1,94.01,0.75,5.24,64.88
1319,21,0.0,0.0,3.55,207.9,4.75,95.6,30.0,77.8,1.13,9.26,89.61,3.24
907,15,721.6,100.0,0.59,326.4,0.0,90.0,23.8,66.3,99.08,1.81,0.0,66.23
865,14,414.5,72.24,3.04,196.6,3.57,63.2,31.1,82.4,90.76,5.35,3.89,60.04
805,13,1226.5,100.0,4.84,149.9,11.01,23.5,22.9,82.7,99.36,1.01,0.0,74.8
310,5,0.0,0.0,1.7,140.8,0.0,89.8,26.2,53.0,0.29,0.44,99.27,0.0
922,15,676.0,100.0,0.38,63.1,0.0,71.2,26.7,50.2,96.5,2.7,0.8,76.49
980,16,415.4,63.93,3.57,241.2,5.82,29.9,31.9,149.4,74.73,6.89,18.38,55.46
1145,19,0.0,0.0,3.64,178.5,5.11,90.2,33.5,112.7,0.0,11.25,89.63,3.74
1331,22,0.0,0.0,1.85,322.2,0.0,61.7,23.9,78.9,0.0,4.75,95.41,0.0
850,14,630.0,90.46,2.2,185.8,1.15,38.5,31.7,104.5,86.73,1.65,11.62,61.37
112,1,0.0,0.0,2.27,344.1,1.44,84.1,33.8,137.9,0.39,3.32,96.29,1.12
641,10,835.7,100.0,1.03,158.5,0.0,41.7,33.2,14.7,100.0,0.0,0.0,63.92
842,14,680.9,100.0,4.09,185.6,7.53,86.5,25.2,33.6,100.0,0.0,1.52,74.27
1023,17,244.0,39.39,1.72,65.7,0.0,69.4,29.1,14.9,97.74,3.1,0.0,24.65
202,3,0.0,0.0,4.25,284.1,8.82,46.2,29.8,112.0,0.0,28.07,72.25,7.29
560,9,715.2,100.0,3.59,10.3,5.19,44.9,24.1,22.5,99.11,0.0,2.22,82.46
1384,23,0.0,0.0,1.16,64.5,0.0,41.5,25.8,74.0,0.0,0.0,100.0,0.0
1026,17,230.1,37.09,4.11,113.5,6.83,32.2,26.4,138.3,60.78,10.06,29.16,32.03
999,16,450.5,63.89,1.38,302.1,0.0,39.4,30.6,74.5,87.47,0.0,12.57,51.33
159,2,0.0,0.0,3.63,220.0,5.62,48.3,27.3,81.6,1.83,17.9,80.27,4.54
433,7,233.4,40.65,0.99,110.6,0.0,42.2,32.1,159.9,66.06,0.83,33.11,24.49
685,11,749.6,100.0,3.26,329.4,4.37,53.6,23.6,91.2,97.3,2.13,0.58,73.19
761,12,623.3,81.71,2.68,299.3,2.24,46.5,29.8,70.6,99.8,0.71,0.0,54.12
902,15,630.5,89.98,3.02,11.1,3.55,86.4,28.4,145.0,65.76,2.54,31.69,59.3
662,11,602.1,86.15,4.11,87.2,8.0,63.2,33.3,156.7,68.52,6.57,24.91,66.33
913,15,710.9,100.0,4.05,251.0,7.77,33.8,28.1,45.7,95.42,1.92,2.66,75.82
543,9,859.1,100.0,0.76,313.3,0.0,64.2,30.5,98.5,100.0,0.0,0.0,80.05
1322,22,0.0,0.0,1.48,267.2,0.0,40.3,32.8,96.5,3.63,0.0,97.8,0.0
1381,23,0.0,0.0,7.02,318.2,35.33,78.2,31.6,92.0,0.0,47.75,52.35,26.61
1021,17,153.5,21.8,2.66,45.3,2.21,56.1,22.5,112.8,44.62,2.49,52.89,14.65
314,5,0.0,0.0,4.6,2.9,10.31,95.6,24.9,51.8,0.68,20.25,79.07,6.88
422,7,151.2,19.88,3.13,158.8,3.75,26.9,28.6,107.7,54.37,9.94,35.69,16.55
1201,20,0.0,0.0,4.26,22.9,8.84,33.2,30.0,43.2,0.0,33.74,67.91,7.25
750,12,511.4,71.29,0.95,238.4,0.0,77.4,28.9,140.4,65.83,0.79,33.38,57.81
384,6,0.0,0.0,2.92,329.7,3.0,38.3,30.3,11.8,0.0,25.89,75.9,1.96
799,13,1273.1,100.0,4.14,150.8,8.3,24.1,29.0,117.5,83.17,7.52,9.3,70.34
791,13,698.8,100.0,2.56,208.6,1.69,63.9,31.9,61.5,100.0,0.0,0.0,68.93
1031,17,117.7,17.86,3.92,139.6,7.8,92.8,31.2,132.8,23.16,9.94,66.9,15.86
1280,21,0.0,0.0,4.67,59.1,10.36,56.8,27.4,23.8,0.93,42.71,56.36,7.71
1339,22,0.0,0.0,4.54,42.4,11.5,60.7,22.4,69.3,2.97,27.95,69.08,7.24
1182,19,0.0,0.0,1.68,257.7,0.0,20.2,32.3,21.4,2.31,0.0,99.03,0.0
483,8,258.7,39.07,5.4,325.6,16.23,83.5,30.2,30.6,98.83,1.48,0.0,41.77
250,4,0.0,0.0,3.27,131.4,3.43,99.6,26.0,87.3,0.0,7.06,94.03,2.45
944,15,325.2,44.28,1.58,48.9,0.0,23.1,26.7,117.4,79.17,0.0,20.89,37.24
404,6,0.0,0.0,4.39,298.6,8.65,34.8,24.0,64.6,0.8,31.33,67.87,5.68
192,3,0.0,0.0,1.9,94.4,0.0,34.6,23.9,31.6,0.13,2.32,97.55,0.0
827,13,419.9,65.76,2.23,276.3,1.11,86.5,31.0,109.3,59.23,0.63,40.14,47.86
198,3,0.0,0.0,2.57,234.8,2.16,98.3,29.2,59.7,0.0,5.21,98.14,1.72
162,2,0.0,0.0,2.94,111.6,2.48,95.3,30.7,91.9,0.65,4.03,95.32,1.68
589,9,698.5,95.61,1.52,184.1,0.0,37.2,27.9,135.5,81.18,1.68,17.14,70.57
365,6,0.0,0.0,4.82,133.1,11.35,46.9,29.2,41.8,0.0,33.66,68.91,6.24
1270,21,0.0,0.0,4.58,45.1,11.8,74.9,34.3,94.3,1.38,24.87,73.75,7.76
1052,17,211.9,37.75,2.11,80.7,0.92,39.8,29.7,84.1,62.45,2.71,34.84,28.47
1017,16,220.3,33.39,6.56,205.9,31.98,92.9,27.3,125.8,29.88,29.3,40.82,48.19
1214,20,0.0,0.0,0.86,280.8,0.0,51.3,29.2,78.6,0.0,0.0,100.0,0.0
303,5,0.0,0.0,1.26,32.8,0.0,39.4,30.9,108.6,0.9,0.11,98.99,0.0
148,2,0.0,0.0,4.22,71.6,7.95,34.2,22.6,136.3,0.85,31.04,68.11,6.02
1319,21,0.0,0.0,1.84,4.1,0.0,97.3,24.5,112.9,0.0,0.0,100.0,0.0
982,16,297.1,48.66,1.69,354.2,0.0,31.2,25.3,77.2,73.33,2.42,24.25,34.33
1362,22,0.0,0.0,0.53,38.3,0.0,98.5,33.3,148.2,0.0,1.38,98.85,0.0
87,1,0.0,0.0,2.21,136.8,1.03,27.9,27.7,103.6,0.0,7.67,93.84,0.67
526,8,246.1,36.76,0.98,20.0,0.0,85.0,26.5,135.3,46.48,1.05,52.47,22.97
1169,19,0.0,0.0,3.53,180.3,4.27,45.0,26.9,27.1,0.11,17.29,82.6,2.2
135,2,0.0,0.0,0.28,227.6,0.0,93.8,26.8,87.1,1.78,0.4,97.81,0.0
317,5,0.0,0.0,2.65,188.7,2.21,94.3,25.7,86.8,1.09,4.48,94.44,1.26
327,5,0.0,0.0,5.15,244.1,14.55,94.1,24.3,134.7,0.0,25.07,78.43,11.71
1266,21,0.0,0.0,3.19,77.6,3.65,41.6,34.8,77.4,0.0,15.54,86.23,2.07
35,0,0.0,0.0,2.21,329.2,1.16,25.1,23.1,155.2,1.19,10.99,87.82,0.94
1392,23,0.0,0.0,1.19,276.5,0.0,98.4,32.0,19.2,0.48,0.0,100.0,0.0
448,7,328.3,47.24,6.15,68.3,27.43,67.7,29.9,148.6,42.03,25.41,32.56,52.57
405,6,0.0,0.0,0.48,163.1,0.0,37.4,23.6,149.2,0.0,0.0,100.0,0.0
1182,19,0.0,0.0,2.91,7.2,2.98,58.3,23.4,128.6,2.4,12.42,85.18,1.9
1097,18,0.0,0.0,2.37,298.5,1.47,93.0,33.7,35.2,0.0,3.81,99.97,1.24
697,11,1140.0,100.0,4.24,322.6,9.44,26.9,27.3,134.8,79.44,9.22,11.35,77.67
880,14,610.8,100.0,3.31,188.6,4.64,68.1,24.4,88.7,99.07,1.01,0.0,71.01
137,2,0.0,0.0,5.84,129.3,24.97,21.5,23.9,90.3,0.0,70.86,29.99,15.68
641,10,911.0,100.0,6.1,287.8,24.96,51.2,23.6,110.8,90.03,11.49,0.0,81.9
916,15,613.0,100.0,3.99,127.6,8.12,73.5,31.4,145.0,68.53,6.26,25.21,81.11
16,0,0.0,0.0,2.82,16.8,2.53,52.7,23.2,41.9,0.18,8.44,91.38,1.83
655,10,823.8,100.0,3.06,239.2,3.34,79.3,31.4,152.1,66.78,4.99,28.24,87.68
494,8,486.5,75.91,5.55,146.3,16.64,54.1,25.6,41.4,99.57,0.0,1.96,58.45
1242,20,0.0,0.0,4.04,358.9,8.33,64.4,24.7,120.5,0.0,18.81,82.13,6.59
633,10,396.0,56.21,4.11,185.0,8.31,50.7,29.1,75.9,72.69,9.77,17.53,50.19
1059,17,162.2,23.75,5.87,41.8,24.73,58.7,31.9,152.7,30.23,31.87,37.9,28.95
962,16,457.2,72.44,2.39,282.2,1.35,53.3,30.7,30.0,98.45,0.0,2.37,48.03
1043,17,306.4,46.18,4.66,345.6,10.16,39.5,22.8,51.5,89.65,10.55,0.0,43.99
1093,18,0.0,0.0,4.14,43.5,6.97,31.4,25.7,26.4,2.14,30.6,67.27,4.96
1055,17,317.0,47.0,2.43,115.5,1.74,74.9,24.0,31.6,100.0,1.23,0.0,33.8
831,13,1252.9,100.0,4.15,174.7,8.93,35.3,25.6,122.6,79.52,7.81,12.67,84.6
960,16,239.1,36.13,1.18,254.5,0.0,22.2,27.9,33.9,99.27,1.81,0.0,25.7
1045,17,275.6,48.49,0.47,253.2,0.0,97.3,23.3,156.7,48.6,0.25,51.15,36.99
1,0,0.0,0.0,5.04,224.7,15.84,32.9,33.1,130.5,0.0,50.6,49.69,12.09
163,2,0.0,0.0,6.8,311.0,40.12,28.0,34.2,20.5,0.61,99.32,0.07,26.36
138,2,0.0,0.0,2.64,265.1,2.0,67.0,26.2,87.6,1.25,7.76,90.99,1.47
634,10,632.1,100.0,2.46,8.3,1.67,52.5,34.8,108.8,91.97,3.39,4.64,79.82
1030,17,106.8,18.23,1.77,349.1,0.0,78.3,26.2,152.3,32.27,0.32,67.41,11.31
1290,21,0.0,0.0,5.82,298.3,21.84,65.1,25.2,129.3,2.12,39.81,58.07,15.74
1198,19,0.0,0.0,1.92,242.9,0.0,65.6,33.9,82.3,0.33,1.55,98.12,0.0
825,13,691.3,96.22,3.57,282.2,4.53,73.3,26.0,37.7,96.83,1.42,1.76,75.83
629,10,1037.2,100.0,4.55,297.2,9.44,33.0,31.7,76.0,95.84,0.72,3.44,83.63
878,14,1116.2,100.0,2.72,17.9,2.06,81.4,31.0,156.2,71.2,0.0,28.81,63.28
519,8,409.7,64.09,6.23,228.7,26.93,52.2,31.3,37.6,98.29,0.0,2.19,66.66
319,5,0.0,0.0,2.36,50.9,1.56,77.8,32.0,26.8,1.83,7.16,91.02,1.28
221,3,0.0,0.0,4.28,92.7,8.26,62.7,29.0,94.4,0.75,22.72,76.53,6.2
926,15,545.0,79.05,1.72,295.3,0.0,28.3,30.1,118.0,85.82,0.0,16.13,48.27
106,1,0.0,0.0,2.83,197.3,2.68,38.6,23.3,133.0,1.32,11.29,87.39,1.71
1197,19,0.0,0.0,3.83,108.3,6.64,51.9,23.1,144.2,0.0,18.32,82.97,4.68
1068,17,133.1,18.78,1.89,68.9,0.0,20.0,27.4,49.8,64.65,0.0,37.0,11.28
712,11,395.9,66.83,4.68,172.2,10.98,63.2,34.3,33.1,99.86,1.12,0.0,60.06
952,15,391.3,56.59,5.87,38.2,26.11,26.5,25.6,39.9,100.0,0.0,0.0,60.63
1241,20,0.0,0.0,2.04,138.2,0.84,61.5,24.7,21.5,0.0,4.86,95.51,0.47
543,9,875.0,100.0,2.89,308.7,2.31,98.7,34.1,152.9,63.77,3.78,32.45,75.14
874,14,887.0,100.0,0.46,133.5,0.0,92.8,22.0,24.7,100.0,0.0,1.37,73.95
88,1,0.0,0.0,2.52,186.1,2.01,71.6,29.6,158.4,0.0,5.84,95.25,1.57
569,9,897.3,100.0,3.34,341.6,4.01,25.3,22.2,75.6,100.0,0.72,0.0,71.79
995,16,483.6,78.02,1.47,130.6,0.0,53.6,25.3,77.0,98.12,0.9,0.98,53.24
335,5,0.0,0.0,6.83,100.1,39.9,46.1,33.2,118.2,0.0,64.62,36.28,27.22
1098,18,0.0,0.0,1.54,149.9,0.0,36.1,24.6,77.3,0.0,1.93,98.53,0.0
234,3,0.0,0.0,2.94,139.9,2.9,88.3,33.3,81.6,0.0,7.34,93.38,1.53
304,5,0.0,0.0,0.34,345.7,0.0,48.7,31.5,32.0,0.83,0.0,100.0,0.0
475,7,302.4,40.04,2.08,4.9,1.14,41.0,27.6,124.1,63.01,3.78,33.21,34.21
49,0,0.0,0.0,4.47,54.3,9.61,81.4,22.8,35.2,0.0,29.75,70.29,7.29
1053,17,211.0,37.34,2.53,282.1,1.63,34.4,22.8,76.8,68.98,1.66,29.36,28.75
1032,17,170.0,28.9,4.88,1.0,12.9,74.9,27.4,22.0,100.0,0.15,0.0,30.93
1278,21,0.0,0.0,4.58,157.3,10.49,44.4,26.5,92.6,1.57,32.17,66.26,7.99
1003,16,463.6,75.23,2.64,250.7,2.28,67.4,28.5,159.8,65.86,1.84,32.3,65.21
1279,21,0.0,0.0,1.44,20.4,0.0,52.8,26.8,31.8,0.7,0.66,98.64,0.0
1316,21,0.0,0.0,4.51,114.3,10.42,90.9,24.6,127.1,0.0,19.75,81.23,5.75
436,7,237.8,38.77,5.57,100.4,21.11,37.1,22.2,156.8,49.37,28.98,21.65,42.34
1424,23,0.0,0.0,1.85,184.4,0.0,92.0,26.9,12.3,0.0,0.0,100.0,0.0
1004,16,325.7,42.93,0.98,224.1,0.0,26.6,33.3,24.8,100.0,0.1,0.0,34.3
851,14,867.7,100.0,4.77,274.1,11.91,23.7,25.5,42.3,94.52,2.94,2.54,68.53
963,16,625.3,95.83,3.39,34.8,4.31,99.3,34.0,134.2,69.68,5.04,25.28,80.93
1356,22,0.0,0.0,1.92,87.6,0.0,51.8,33.5,126.0,0.0,0.0,100.0,0.0
230,3,0.0,0.0,1.52,273.1,0.0,62.4,31.3,116.3,2.26,0.0,99.21,0.0
1073,17,312.8,45.44,2.9,314.2,2.52,30.4,27.5,139.4,70.48,4.09,25.43,38.1
497,8,239.5,41.79,5.66,116.5,23.43,95.1,29.7,63.2,66.49,33.68,0.0,45.11
418,6,0.0,0.0,1.5,21.0,0.0,58.8,27.5,32.5,0.0,0.0,100.0,0.0
624,10,819.4,100.0,3.96,49.7,6.34,83.0,25.7,91.1,100.0,0.0,0.0,85.51
709,11,1137.7,100.0,1.89,284.9,0.0,71.3,26.2,155.2,74.5,0.0,27.09,78.83
80,1,0.0,0.0,3.31,47.5,3.51,35.8,25.3,49.6,0.0,16.76,87.84,2.69
675,11,988.3,100.0,2.69,77.3,2.45,70.8,24.6,109.1,94.72,2.56,2.72,75.27
538,8,602.2,98.94,3.2,68.7,3.13,39.6,23.5,48.9,99.67,0.65,0.0,76.18
429,7,285.0,48.52,1.33,149.0,0.0,72.4,25.2,46.9,98.3,1.85,0.0,34.28
785,13,747.3,100.0,4.93,231.0,14.27,61.8,33.1,17.6,100.0,0.0,0.0,74.76
424,7,194.0,33.15,7.15,49.5,47.0,25.2,31.2,146.8,35.79,47.12,17.09,56.05
1109,18,0.0,0.0,2.9,169.9,2.42,46.0,34.3,24.3,0.0,8.06,94.03,1.29
708,11,618.1,82.85,2.51,334.2,1.79,31.4,22.7,112.6,84.48,0.46,15.05,70.3
1249,20,0.0,0.0,4.37,178.2,9.96,44.5,31.0,106.0,2.27,29.94,67.79,7.31
703,11,511.0,71.49,1.5,175.7,0.0,83.9,26.3,28.5,99.77,0.0,0.51,52.38
1358,22,0.0,0.0,0.94,263.9,0.0,20.5,27.9,34.2,0.24,0.0,99.91,0.0
771,12,935.8,100.0,3.93,200.4,6.87,37.3,34.9,65.5,99.94,0.45,0.0,69.12
646,10,498.1,82.35,3.11,159.1,3.78,87.8,27.7,145.8,62.61,2.4,34.99,54.94
86,1,0.0,0.0,3.5,303.0,5.56,30.8,33.9,131.9,3.75,24.38,71.87,3.8
1345,22,0.0,0.0,0.6,50.8,0.0,42.8,22.3,65.2,0.0,0.43,100.0,0.0
589,9,531.8,74.07,4.94,74.2,14.57,47.9,31.9,154.1,66.23,13.79,19.98,62.18
851,14,947.2,100.0,3.67,355.7,5.87,73.8,26.8,135.1,74.67,3.37,21.96,65.02
102,1,0.0,0.0,1.21,95.0,0.0,98.2,30.5,128.1,0.71,4.72,94.57,0.0
1220,20,0.0,0.0,3.64,28.0,5.41,59.1,26.9,34.9,0.0,11.93,88.12,4.3
57,0,0.0,0.0,6.92,59.1,41.04,65.3,32.4,28.5,0.0,100.0,0.0,24.86
208,3,0.0,0.0,1.91,340.0,0.0,96.3,25.5,55.0,0.0,0.0,100.0,0.0
1060,17,210.5,31.81,5.94,66.3,25.7,76.7,33.0,24.8,100.0,0.0,0.0,46.86
1099,18,0.0,0.0,6.27,191.5,28.86,47.0,29.2,150.9,0.0,56.17,45.56,20.55
211,3,0.0,0.0,4.75,264.2,10.46,84.0,31.6,71.0,0.42,19.99,79.59,6.51
866,14,482.1,75.0,2.87,9.2,2.59,47.5,25.0,143.5,74.44,4.26,21.3,47.64
1359,22,0.0,0.0,2.69,101.6,2.13,31.5,30.9,82.1,1.12,12.3,86.57,1.22
444,7,242.5,38.65,2.35,264.7,1.25,42.3,29.0,83.2,62.95,2.56,34.49,29.0
131,2,0.0,0.0,4.35,98.6,9.78,50.3,24.9,15.4,0.88,64.51,34.61,7.52
509,8,337.3,56.07,1.42,127.7,0.0,60.2,28.9,61.2,93.48,0.0,8.76,39.01
665,11,484.8,64.73,3.05,201.7,3.25,43.7,32.1,106.7,73.24,3.64,23.12,45.73
476,7,271.5,38.11,3.11,288.5,3.62,82.7,29.9,106.7,45.93,4.52,49.54,32.94
642,10,1103.9,100.0,5.73,113.1,20.07,52.7,27.3,44.2,100.0,0.0,0.0,83.79
673,11,785.9,100.0,5.41,58.6,19.03,95.8,32.8,14.3,98.04,0.0,2.07,79.99
105,1,0.0,0.0,2.84,9.7,2.6,94.3,25.5,58.8,1.82,4.86,93.33,1.66
107,1,0.0,0.0,3.34,98.7,3.62,85.5,25.4,127.3,0.87,7.2,91.93,2.7
1246,20,0.0,0.0,3.88,240.3,6.99,99.6,24.9,117.3,0.0,10.77,89.44,4.04
831,13,383.8,63.31,3.1,328.7,3.4,39.4,33.2,124.0,75.95,2.44,21.6,51.95
1049,17,265.0,38.38,2.02,181.1,0.93,30.6,23.0,116.7,71.67,1.32,27.02,32.67
244,4,0.0,0.0,1.46,52.9,0.0,48.9,27.4,86.0,1.19,0.67,98.14,0.0
809,13,632.4,100.0,3.18,223.1,4.11,67.8,28.6,14.4,96.25,0.79,2.97,63.66
1259,20,0.0,0.0,2.65,34.8,1.97,38.5,26.6,39.7,0.0,10.52,91.0,1.33
391,6,0.0,0.0,1.97,46.7,0.0,79.4,24.1,105.3,2.5,0.0,100.0,0.0
1247,20,0.0,0.0,2.27,50.0,1.16,68.1,25.5,64.9,0.0,1.98,98.23,0.67
61,1,0.0,0.0,0.73,333.5,0.0,33.4,27.7,42.3,0.08,0.0,100.0,0.0
74,1,0.0,0.0,3.15,223.1,3.21,31.5,27.4,117.2,0.27,17.01,82.72,2.19
570,9,525.3,93.66,0.99,3.0,0.0,62.5,33.2,127.2,74.65,0.04,25.3,66.87
894,14,778.0,100.0,1.17,334.9,0.0,90.1,26.0,66.0,100.0,0.0,0.43,64.16
598,9,409.8,66.93,4.26,140.2,9.73,27.5,28.2,42.2,98.39,1.47,0.14,50.86
342,5,0.0,0.0,1.19,59.9,0.0,81.8,34.3,91.8,0.0,0.0,100.0,0.0
607,10,420.5,55.92,3.83,243.7,6.32,63.2,27.1,15.8,100.0,0.2,0.0,44.84
964,16,494.1,83.87,2.87,184.6,2.44,96.2,31.4,78.6,99.97,0.81,0.0,53.08
548,9,363.3,60.58,1.85,225.7,0.0,80.4,32.8,159.2,60.06,0.73,39.21,50.08
271,4,0.0,0.0,3.22,158.8,3.49,27.2,22.8,120.3,0.0,20.5,80.03,2.47
208,3,0.0,0.0,3.01,79.4,3.25,99.4,25.8,54.0,0.76,8.04,91.2,2.7
1197,19,0.0,0.0,5.44,1.9,17.3,64.2,34.4,52.0,0.0,35.76,64.3,9.24
533,8,416.4,70.34,6.39,237.8,33.44,93.8,29.5,116.5,60.47,29.75,9.78,67.46
661,11,750.7,100.0,2.77,173.6,2.06,53.4,24.2,142.0,77.84,1.97,20.18,76.51
1053,17,288.4,44.45,2.36,154.1,1.25,23.8,24.0,74.6,75.71,2.46,21.83,34.62
516,8,384.4,68.8,3.29,223.0,4.03,95.8,24.1,48.4,100.0,0.0,1.15,54.92
366,6,0.0,0.0,1.21,179.6,0.0,40.3,34.1,155.5,0.46,0.0,100.0,0.0
149,2,0.0,0.0,3.03,330.0,2.78,42.6,23.9,141.3,1.78,10.15,88.06,2.18
316,5,0.0,0.0,1.14,263.0,0.0,93.1,32.7,126.4,0.0,0.0,100.0,0.0
813,13,954.0,100.0,1.99,334.1,0.0,96.6,30.3,128.3,78.05,0.0,21.99,59.53
49,0,0.0,0.0,4.17,83.9,8.69,81.7,34.7,70.8,0.0,15.39,85.22,4.64
1351,22,0.0,0.0,4.25,224.1,9.75,87.6,31.0,114.9,0.0,17.81,83.44,6.46
916,15,765.9,100.0,2.82,326.5,2.47,72.7,26.7,48.4,98.66,0.0,2.73,82.78
1300,21,0.0,0.0,6.38,276.6,28.53,62.3,24.2,71.9,1.69,46.69,51.62,15.61
846,14,724.1,100.0,1.42,140.1,0.0,37.4,34.5,114.9,87.53,0.0,12.74,66.18
322,5,0.0,0.0,2.14,266.8,1.02,41.3,24.5,107.7,0.0,6.73,94.19,0.7
47,0,0.0,0.0,3.32,210.2,4.57,91.9,30.9,121.7,0.0,10.53,91.68,3.84
520,8,599.9,93.44,2.69,106.9,2.29,78.9,32.7,100.1,92.57,4.54,2.88,61.46
583,9,922.8,100.0,3.58,265.5,5.58,51.6,34.9,18.9,99.39,0.16,0.46,78.02
534,8,327.6,44.07,1.07,35.6,0.0,31.8,26.3,71.0,75.12,0.0,27.67,33.73
1190,19,0.0,0.0,3.94,35.3,6.49,32.0,24.5,128.5,0.27,29.59,70.14,3.8
781,13,958.9,100.0,1.48,70.5,0.0,42.1,24.8,74.1,96.38,2.8,0.81,75.52
781,13,1077.6,100.0,1.97,54.4,0.0,28.6,26.2,83.3,100.0,0.0,0.0,80.25
408,6,0.0,0.0,1.56,313.5,0.0,46.5,22.6,76.2,0.0,2.11,98.65,0.0
782,13,1067.8,100.0,3.95,82.8,6.7,23.6,30.2,47.6,100.0,0.0,0.06,88.19
1104,18,0.0,0.0,0.7,350.0,0.0,96.0,30.9,155.0,0.0,0.19,100.0,0.0
6,0,0.0,0.0,6.8,16.1,39.89,96.1,26.7,127.7,1.21,43.63,55.16,31.68
306,5,0.0,0.0,2.39,26.6,1.73,51.4,31.1,152.1,0.36,5.46,94.18,1.13
38,0,0.0,0.0,1.8,151.4,0.0,52.0,23.0,68.5,0.94,0.0,99.75,0.0
644,10,909.9,100.0,2.2,224.2,1.03,42.9,26.8,109.3,93.97,0.0,7.72,61.46
815,13,652.7,100.0,2.9,227.5,2.96,29.5,26.4,95.8,99.83,0.26,0.0,70.85
494,8,312.1,42.82,1.79,40.4,0.0,84.6,22.8,94.4,51.14,0.22,48.64,34.12
1127,18,0.0,0.0,4.19,190.6,7.96,38.7,32.8,87.3,1.23,29.36,69.41,6.09
